id,date,volumeETH,volumeUSD,volumeUSDUntracked,feesUSD,txCount,totalValueLockedUSD
19260,1664064000,42969.11178118112967491057937144147,56784425.24970289075582547700084968,0,66661.03247213506486039249977025225,20552673,3779229052.854886037663166387200786
19259,1663977600,411919.5931978148803080630661541877,548062411.0703528567599294927653008,0,607928.8584299254464370943424747866,20544737,3764868751.944992447889140220913262
19258,1663891200,685005.6839536820886578551170207149,895772783.6724875607888060357901996,0,1196587.672238011722724074517554304,20497170,3768647803.232317866150488235632406
19257,1663804800,677703.8465984614700705322348582553,869608446.7074058154525101431451115,0,1122345.964436474178128231235991568,20434882,3747526534.756836015217784078925473
19256,1663718400,833675.3990540668625873681126664709,1100949362.682986266460852354188552,0,1502881.791985075263067507843469826,20380129,3560542287.328013172302979995699919
19255,1663632000,591301.89258773306547605152596532,798488657.708912202128539166731117,0,921334.6180793805892390655803711686,20320696,3663195487.449120337145054499184164
19254,1663545600,697579.4522965095142004328478480571,926744264.7896226341421392574140515,0,1154748.172271274099205830206051886,20269769,3711995299.037075419028753584598873
19253,1663459200,404711.0660980476014466453986664653,564908978.9816359166940963241073628,0,790534.474009116516835465473918502,20205529,3613835337.709625985581865153534816
19252,1663372800,319053.2501431520072747454537915066,461392829.7145083006713257440318022,0,590088.7922529436281814801047582452,20151336,3748393534.801543737517939700453037
19251,1663286400,581176.1910208486005171436744939955,839695979.1615292483174113832095482,0,940047.7191900362456292168244484646,20104034,3669515839.84928540259532392823948
19250,1663200000,909879.2830482367807648431422530121,1420452931.965336170122814337787304,0,1707516.536449103772440674378467118,20053524,3632287692.509301209324889282698345
19249,1663113600,731761.9772999560884705916250175236,1171082325.002367918176756520778899,0,1180874.903805438854316316638344795,19994544,3704318097.519808547225227594040731
19248,1663027200,1050578.133650789132975662616888288,1733506536.245379560342642870108621,0,1901329.042254032270142399014553044,19941632,3747691227.365056108103917421713544
19247,1662940800,588084.1764007136540813981876024099,1019986976.860055264422095770755056,0,1105720.019962020942569145007380118,19882258,3950106885.125772751646753349091846
19246,1662854400,384793.5041934565153617677754956473,678558356.8471378414714130152295652,0,784994.8944970192376568480267696718,19838219,4003230413.714849795619347349324754
19245,1662768000,449517.7969747536602798078950020627,779189042.5233266756302905989831038,0,825907.7640260017228366231883828113,19796024,4092626432.078349869640007299966031
19244,1662681600,619484.8607884927464750299802589132,1053951048.812153127154175377569155,0,1262767.176090700799844379817790562,19756873,4047999430.805179643382799495801343
19243,1662595200,576194.7967519082012597615081618144,939231994.3778498511748130394223979,0,1194100.929415551712256346170280802,19713491,3937779532.350640420444771732989181
19242,1662508800,815864.2417230023284900219880665253,1265600653.552562293346260744164837,0,1418084.418990606169517205238058947,19669555,3916049149.733862532357107590644402
19241,1662422400,822900.5412099442533759853523278374,1341853233.764287955319989530622387,0,1506712.915644560347518767940859089,19622299,3901239370.648882649852336224959113
19240,1662336000,484762.2018826461134460401420763745,768471916.080258906825372908987852,0,865124.7502206549046894734208393225,19567894,4040840835.368676546858036487718631
19239,1662249600,360038.2705934561753177971771404481,561662575.7706112036291331280864229,0,595432.6005907220635363045576298616,19527211,4077487696.379538835325506398089663
19238,1662163200,373455.5498886789367747283564951576,580954223.0223038523344532144111296,0,685771.7294896990947035380763336934,19491294,4145729363.578272034801866165973318
19237,1662076800,733643.150901670385860438044195522,1171297848.513454030699555243869586,0,1477151.063953554902440953240297613,19454318,4145396069.828293608955965414819409
19236,1661990400,683124.3019977434741145170191560908,1063512636.486053217324585190229428,0,1231843.925246234481476466929190712,19408376,4154953077.78978282684238831777707
19235,1661904000,908225.8458662757101486811494220461,1433519156.804005128748720420153409,0,1590608.747654844492416560382528923,19365489,4066898006.70277292901715994128238
19234,1661817600,841392.0358024350619661510278877315,1302930356.292836064743045488752184,0,1532576.873009211305031311121085506,19320900,4084580639.482050013032217409156663
19233,1661731200,729422.9784403908882571089523647153,1086456006.659844169462564436203182,0,1188012.467873879081824202733212215,19272844,4079178681.671331473801413900028638
19232,1661644800,594068.9588823855442704240801100702,879987078.3770895462989533190131007,0,857696.4002418827387289041805414697,19223367,3855585693.300151283817689778338806
19231,1661558400,625933.1313121527327022598549486833,930910396.7008680706047982774686101,0,1042474.430665310867012510603267779,19179188,3934081073.012751044161559140057202
19230,1661472000,864079.3899925225969645863337379871,1398256662.288311467084323241451949,0,1848210.046758077241638584455461529,19126773,3943020338.620691043717042394422491
19229,1661385600,466028.7978074740375369185833419668,790360620.3543974995565695035341469,0,1087481.317260898670388525024005726,19068400,4116655176.622518525216654102063163
19228,1661299200,600171.8022987339067461487721921686,992120965.7615301826319509971216801,0,1030560.515128660878435818778996145,19021314,4065335758.099771529105652829968977
19227,1661212800,910144.4648317063283436816050485049,1480709848.939724990263129842837466,0,1443743.643322949881621880234273948,18981142,4055964554.093174009361877621940268
19226,1661126400,724873.9692341139718062658280990013,1143030838.016644448353534363379188,0,1297072.280046578290792826826005721,18936176,3995649578.672837320473341654108115
19225,1661040000,670101.68317602954900329040724463,1078535687.834121778800842540681513,0,1238398.324131549862969587457565195,18891457,4069743066.225094921117549536992255
19224,1660953600,806210.2358271595220446098934251758,1292142895.031544984454618751151735,0,1232656.875259292848067455856855937,18841367,4014351029.701837068539095698871863
19223,1660867200,1074071.50381745638894588619911729,1845298233.16972427841605829546285,0,1904447.53819629471856750828412694,18794402,4065365928.45499060504848271242836
19222,1660780800,455981.3370375459943054370604775773,847336459.7389853026726051174496811,0,886695.9048598608717597240950705452,18735749,4301227277.495110214133448976989151
19221,1660694400,738066.1669507065202886330227779284,1380814764.916213555650083048209684,0,1459186.460276448889432980045172637,18695963,4319933295.285834056049797394379403
19220,1660608000,532383.8434788137595892014850389346,1002389583.613489990595806366413234,0,1060710.884664424723568003344391616,18645914,4367504020.747225064532737260392186
19219,1660521600,719655.6084261924102362290559635846,1382324825.834217823190950839953924,0,1488866.586333739314434026562457716,18601566,4373392970.556716051300099067206194
19218,1660435200,441033.8919195109776476263088480682,868918425.0219732043719777570925693,0,1026270.919865899571428724971615418,18551435,4427083116.791150729627059710327582
19217,1660348800,504237.6730259262782759902843020001,1001238914.471690893148314212950799,0,889549.5509165432657094260324709204,18501344,4495193877.82737299846536500826316
19216,1660262400,502974.1650118531697758878887680512,954757662.5104212072873091952543511,0,943842.1395756302337139278862101792,18453353,4510454473.454648633584008079823685
19215,1660176000,880662.6562294529880220227326734921,1667563974.736398321958788007642949,0,1539181.645251150776015526003479321,18413571,4624853924.666360752542314863087184
19214,1660089600,882328.6620391504516804400659068533,1570641452.578686159801130860923221,0,1714502.082166716047173046490842552,18366830,4682785578.82462137320474205418489
19213,1660003200,676218.0919463108362664708745362484,1162309517.899443498211405074779609,0,1118743.017832114171069848114701457,18320664,4492782105.471764281826248918181451
19212,1659916800,661091.7163735677266975045092972194,1165030866.155094963132562478909372,0,1234853.174495820468075772014677741,18278046,4558987538.265536995290691309888792
19211,1659830400,326643.454812477811312339744984918,553961614.7292600881824354420162992,0,603396.487516260725169616677486336,18232085,4607873769.735077865197531733346255
19210,1659744000,335015.9124553469788788873269572203,575955172.805535595039754948725445,0,670644.5847836491625022853254430344,18197941,4605132851.742558726219560330743379
19209,1659657600,694242.5988480938050129465927832063,1165080162.565953333883265291872324,0,1353947.432364521648734465810878538,18161057,4649968706.158181711428655018155133
19208,1659571200,568108.4361937925474106590399127722,921088162.8809737445834486912735651,0,1095013.995506647398269935374149577,18116690,4478501960.834769711496029026491297
19207,1659484800,586362.4293731047750544016152506419,960777855.0920121895898941336228939,0,1120610.893691594380495893793486732,18075213,4429202835.154242720257690889142425
19206,1659398400,902514.2965828849778282102004129053,1457904303.496132595262467998848115,0,1678355.047240279230392762125456967,18031928,4395864884.928229074093784281942762
19205,1659312000,674483.4011526073019274877452472191,1118240108.46925078740698471408988,0,1250467.810345902743807628218731051,17985602,4538051673.387245034850695769993492
19204,1659225600,477803.9985052682637311171536918114,814782234.1296902010648598047259581,0,991428.9903683905852713250842170067,17944099,4584098006.912861311722872988911296
19203,1659139200,547877.5134916127879874266450635119,937311550.5366872699502142580501928,0,1142070.225263561733386398342928718,17899011,4598058479.132349103186211216786918
19202,1659052800,825336.5907344394391882718262817188,1413408473.064106032031314578525016,0,1723976.990311738623920031430374606,17851743,4621127776.647884901628175697565494
19201,1658966400,1046237.758253604256128369675736413,1752685290.845602380249522059047609,0,2063029.702901112336011932066810551,17801379,4618564411.383062418955592479090005
19200,1658880000,992518.4346383507356702353131428939,1505477811.263175580765284931752603,0,1622042.919777177215646858878859927,17748921,4548365726.420530406079257499918916
19199,1658793600,877520.732102799038914052286758941,1231655428.911699029973528666391844,0,1250433.847172400743481627334949994,17703538,4369298678.55693808170744581347174
19198,1658707200,854206.1537889757241687022691469446,1297057762.066603569418663412480945,0,1412784.86091464893864718647208525,17665258,4192988377.591882752618769055804604
19197,1658620800,614041.722382114420020729091972424,981879297.9154447016441672273073025,0,1079241.720094872997948893509763271,17624536,4341078849.432056840407003618321981
19196,1658534400,576906.1073292623702516765497543118,887960133.2450620879520107863860634,0,977318.120829982756072296452357413,17586347,4300884942.725068350375392042633893
19195,1658448000,694796.5114690404040377780706414562,1099506320.382418217051103985962929,0,1117573.266478871735755983212948273,17547459,4212385565.847237523154071034086559
19194,1658361600,848570.8693435566425830190306032792,1289318383.067143403172311995552899,0,1375388.157874850601881556406073013,17507715,4105155485.43330729163280120371591
19193,1658275200,1011815.724460701680361726569960534,1577455136.229243175642358223323472,0,1798142.72424749366714960400810642,17465071,4106736902.954619157823536184336747
19192,1658188800,1202912.261977170696717177345486568,1860098771.015617594312780747559132,0,2114312.484422683890364505815439277,17417626,4206299435.883792070463037034786723
19191,1658102400,1160300.434097602049453068820384868,1697178082.396836159656580828463247,0,1985461.382977442053770894667088722,17370025,4212804582.867675503387252105567768
19190,1658016000,819669.2325906040904573830893260953,1109743238.244649062980266660883481,0,1322720.380409070141437200594476308,17317553,3861492414.253046505117923686857542
19189,1657929600,898402.9488332309200905789236110766,1153280629.415512794187061289972665,0,1464916.844545656398103764894335651,17280601,3746077597.718500069799967379426722
19188,1657843200,1014048.613205965857451144711368716,1241861603.742016335333393505332186,0,1405392.017943253444747419244820572,17239725,3594534545.678332671797586137411168
19187,1657756800,873990.8434524186567126540561834499,986795266.2705778411993817168549503,0,1192417.08493369974045510399828418,17202220,3547325790.327916404741659796454094
19186,1657670400,1051353.330367189759898429708282853,1117114683.16150660026775041431992,0,1368031.501767439353315540053314579,17165579,3461915576.054365355423881139072902
19185,1657584000,828058.5780492381987348542287673879,885622998.5087933043143231037382241,0,851222.778191098041193539304104264,17126867,3390491537.349399123754895997797592
19184,1657497600,720554.4989294585408089310744466012,819651012.0759338668206948791495943,0,929661.405874158087930681600946216,17090134,3460665165.537486880296169780131216
19183,1657411200,614687.8405203807601587722213490968,724251938.3525562777397807637370739,0,694716.4300083815687753551353774892,17055104,3563517812.56102225380238576715547
19182,1657324800,442203.7440152858872780727110237473,538146197.9107959993216977756007528,0,582869.8436656780333464137820948643,17022370,3724923041.513482835763804941239807
19181,1657238400,968099.5449248368143213695644774112,1192026005.387375329306883158426125,0,1329685.148262715347306505221553059,16992151,3668352794.219503489718483581668671
19180,1657152000,783009.3941653182093243357041537135,942679886.084060536092942655120226,0,966304.1330783781749439377807289517,16955015,3701237394.001306072868539791776335
19179,1657065600,1022658.13594440178427626733630332,1169090709.35398012184764979543679,0,1371631.65310302378870892326869981,16919130,3700016412.692810393418010833757801
19178,1656979200,1017866.620115695592548476834089335,1149137632.507715657906118231103974,0,1271697.137705114702807898134371558,16885125,3635466990.055148002567785331057601
19177,1656892800,855964.9232545380554868115230555022,943556825.0587273779034167590944008,0,1088242.380302342717004357399728371,16847692,3660394869.463736971647377391722742
19176,1656806400,547750.429535682905626420502323459,582436801.0109320669434186517766176,0,706777.4039783880280282901144078085,16811970,3550970299.58678323784200778174084
19175,1656720000,598012.6179175280541151945000039498,629225354.2640519674232702418917346,0,648771.3725113497766962382100154407,16780018,3520456571.455924325204847370821725
19174,1656633600,1255400.654706234218543034603851891,1338733484.412520318333488834378531,0,1512980.291262341597592906985306085,16748086,3478434857.190597909977459204627661
19173,1656547200,1155546.328000493591503156855777744,1202507678.759560310117174710485042,0,1413445.836003150884052917914275942,16709238,3476951929.959884094921091719532391
19172,1656460800,962108.3524968984409315613468442498,1074903857.67710309289756182023676,0,1243343.72068621979621183864241127,16670766,3417582868.026191455703872085271899
19171,1656374400,745411.1136956471821266508260641207,883405743.2246272508521709244623262,0,1138958.599291111547743593437085682,16637007,3496315371.76082223024756852847808
19170,1656288000,569630.5251237974370788578444886416,685943539.3279812618379265526748652,0,769229.0842663643095059335979772573,16605376,3542977686.793074732738160992821565
19169,1656201600,577550.571184581840281787139427396,711440852.3230886021267195273793352,0,998263.174127424467727379413498306,16577942,3526356274.050262393847596357423269
19168,1656115200,550766.5190043921107524073148841689,670277746.1877668774327724747493307,0,917844.1275474752291089425309363048,16549393,3562085642.50457458354091683115098
19167,1656028800,948020.655682448539579155362635677,1124940988.160448113086470158029077,0,1381617.372388583211678899352841452,16519785,3512877568.670892137471798473675995
19166,1655942400,1048794.208149070163806483049997309,1162898653.666220358414630136636836,0,1380445.190714654794191246659567665,16483850,3402754641.926057596885069540552729
19165,1655856000,1051811.834569823933762364997317839,1140640397.44875821189016878724186,0,1438549.156406781380256700914212766,16451741,3236850925.501611369383652662647111
19164,1655769600,1145006.389380873399254332508738466,1312086358.335616189493408218450481,0,1649652.444839262673725257267287372,16413537,3284072470.128509657581499349916622
19163,1655683200,1441356.060384749204347103373928661,1597872057.557794037417776428201838,0,2062805.341144217026027723215681163,16371854,3253535451.8667962207689935105534
19162,1655596800,1794268.636307244285091955987466006,1860508440.19559708918739882836944,0,2332657.994367127531479076326412491,16322808,3199366179.523915575365708827937524
19161,1655510400,1989247.455906130349170413890858765,1945059461.65118870010979071834012,0,2419365.748860222192350772287273999,16270319,3115577436.918796163438141639680576
19160,1655424000,1302424.469646692779369799618218746,1412075155.786820003007530163813391,0,1712816.197051869694083744714114366,16218002,3274897662.584836105095832131460175
19159,1655337600,1523516.42491983885792321335490461,1741222622.859258464151709391759806,0,2088398.268371166804057094404552625,16179770,3176191685.664766806001023343209194
19158,1655251200,2843742.778167051279176726207277612,3224773687.418749401797256665576525,0,3956031.600840161816524570821360223,16130963,3224363855.869039702289882250865418
19157,1655164800,2387494.755204934910074035851935014,2823536742.961628785971359136433241,0,3205611.804601763355186903459861626,16066366,3157632401.034354402348478003152076
19156,1655078400,3183531.430567399858747385358929289,4038023884.108355296259980719193566,0,4442190.899607368129107368589940123,16007114,3186960766.500184917813124192726445
19155,1654992000,1179495.98067432010148902840184963,1737889424.459000204230462632156518,0,1830342.216806610356891507944014508,15936844,3498579344.808179357968949640026711
19154,1654905600,980515.4676280463280301403114942786,1538133533.92219190177160765955295,0,1719362.476027267232959771960481272,15889177,3682174824.169519470597478105582698
19153,1654819200,815445.4294259239616303591627909644,1403613598.975712634772291920665787,0,1500369.884875401146794943978995002,15847942,3922948477.237224949919850860796174
19152,1654732800,409462.08287295199510046332050171,736219287.1612865787625927166597471,0,880690.6628259731083888086907912296,15815031,4026478821.46976717431641336550126
19151,1654646400,687032.7707297522651150881939664455,1238938470.320977461423529548314905,0,1394156.936017557659839269228823009,15786446,4033855292.638931287056713810435031
19150,1654560000,887547.8883286603040163732851171783,1584556992.941994834292340007204203,0,1805447.868978325071722677381428858,15758971,3972196416.371214275290138361923589
19149,1654473600,549447.0363294418310421666614715723,1029660463.86108863069994312332076,0,1172173.131935954989778353992556158,15725277,3951612036.948890040800684397114763
19148,1654387200,358731.3212912336565366525780838579,646008811.1963257507138142163590238,0,648630.6501361693071183462498569461,15690924,3847388472.76702907650383785916429
19147,1654300800,379450.9942550893275007238444673934,673984567.2625229836404666940261552,0,727429.4698163657540285971014712977,15664545,3800791293.127841461967692366797379
19146,1654214400,520017.8007139223561994607409277882,924498813.7108311391961945620850878,0,1000494.709676280563759484006600141,15638836,3750963099.197060132920197896790529
19145,1654128000,608534.3460758331295146606429611485,1106421145.441950238189237588799339,0,1220111.839481120361077843704498009,15612433,3802114312.859745753238263935018274
19144,1654041600,712331.2686259206219445734327284325,1337912398.171697536759545647526314,0,1411659.297457041820197665794059384,15588099,3725737976.725663710801125887639181
19143,1653955200,592033.837050882898659031835648554,1164901703.566417773783508611244745,0,1221444.542486781169055761998244577,15558072,3857057229.830846531839996094223889
19142,1653868800,816967.5386831635465097690450127251,1564499438.639802881086789493668777,0,1659442.789697815579907092402597272,15530129,3862657045.437193746049125214071414
19141,1653782400,327970.8961819256657284451215121469,588562865.2222738626140039630157634,0,624427.6726523882678791465899225211,15496874,3690427446.114803258637256987632367
19140,1653696000,584869.4143573894602128499790315381,1033128767.743684506785632122164126,0,1061877.463860454935324403751228236,15471555,3679697894.187505759061008110436075
19139,1653609600,1014347.508162001324128914137852166,1785826631.43243742536976805095479,0,1862967.065211144616162404592268776,15442597,3546033493.681303303949205579867427
19138,1653523200,1210530.990636962816556501889435941,2245458005.806031323648785035412159,0,2547588.908231657507222519288531285,15402366,3630966350.881040302058445731864669
19137,1653436800,575329.1177151688475870167513809233,1132358032.444794894377876708575609,0,1187131.839004056627108478640271297,15365489,3748872835.718041329290455695963335
19136,1653350400,502045.0566429839255187655791613126,984625154.1408083533285283001155339,0,1184706.569416227957228472739458368,15338712,3785239772.049970769331234278109243
19135,1653264000,645137.0075548444926254467568167056,1315144008.767333485406793893925662,0,1556649.846668820810124998311117579,15307014,3751587140.799581419685237365512449
19134,1653177600,380842.893866473260023640830205002,764698713.1179989237822250699401957,0,1013278.22859689746997140390840828,15269866,3805148444.503414508480918204958365
19133,1653091200,338210.660175564500372196070713766,665488668.6951995222281893332534971,0,686564.3668267408812377593567258291,15240505,3721443767.447041659719839690384298
19132,1653004800,672883.0554000292763554541550320423,1337729716.856759398693568564813247,0,1387848.411460784468385905836372216,15213653,3700369304.159431306343002368660996
19131,1652918400,886489.4179942569982358772799905714,1742305712.099087775620947339956462,0,1990751.122774436237711680723780366,15181856,3648124597.888747702276734473407918
19130,1652832000,726723.9394295806213592413682293836,1448407627.063085946866606348457949,0,1632776.155491776020528184413232805,15141711,3355102666.628316370864798274986566
19129,1652745600,607758.0647575963296052182966375196,1254754116.364776392291042476350447,0,1555447.857129045516341717572493835,15103093,3540586955.935943873163645133639021
19128,1652659200,1009682.931377322625154375809235475,2046243910.843793686307973026494268,0,2460911.778737072052521300306870851,15068087,3428012428.081810576480929847676898
19127,1652572800,542696.6644695152308921944114798109,1124105337.169993904313448626550622,0,1495420.93625992815462100115667905,15019628,3516335211.051863113655829055281765
19126,1652486400,715235.6313332632220763484332869619,1439412008.157690373777309476008557,0,1869340.16723907581145748208171797,14969321,3494693958.674706454217277113592127
19125,1652400000,1197437.305555100911817055453242023,2474114279.086081902226888975192101,0,3226052.598622255937708024827208281,14903776,3424114065.74948479940895991898405
19124,1652313600,2734278.674199555252120957435557537,5226216164.50399592171598367938556,0,6822402.513581887488410322957416977,14851865,3017917343.418927603429906692012286
19123,1652227200,2225988.495737475474465594878730006,4991145758.797820406151349066939606,0,7105511.555658416758643786283740235,14789833,3313684278.761585591902899065487564
19122,1652140800,1304007.658072275608361208704323978,3063953076.74900400533260657005943,0,4061244.214610615578792546482455211,14724993,3806031748.035714577467184728813358
19121,1652054400,1493065.802950743632613432297124685,3527861951.688929686470529993052735,0,4181046.260563882448963986308928695,14667708,3707646253.366830939214660480477656
19120,1651968000,793496.7652856788726617553068654466,2022481489.767857318672833406463151,0,2064589.876907120526784973791618809,14611049,4171842895.103761438046160178658777
19119,1651881600,416612.3195402106221437524681455573,1109169503.014498072963334802952917,0,1311995.69945047153490573566664058,14570569,4315142065.968022187454110518341461
19118,1651795200,798481.3866212810109000081343427837,2151189135.777035028234558158195159,0,2540115.289548269551817282021259137,14539434,4354443398.686366274622913726535098
19117,1651708800,683700.348674468330352676316473432,1923441984.756793008351101725655865,0,2228797.980270831492284575806218871,14505537,4277896176.595955568994949000602197
19116,1651622400,594341.5570241088636499365536931958,1704236702.101683493889763803486967,0,2054609.700987749841405416665156752,14471488,4508414302.508215602496282371352255
19115,1651536000,494903.23451781427718383356187221,1395810657.272988332777594597869081,0,1425402.070338346158833599660578964,14436638,4295644956.507544515078023117256354
19114,1651449600,532269.7968830263951656847699673368,1505548050.577374927125445694949473,0,1929694.651133386304842130483328559,14410826,4320740167.353722269528322266661488
19113,1651363200,592595.8518937650788789095263627172,1647578605.420945337318115265180099,0,2515349.525864443289419137708185745,14381274,4277989337.449366116746725179078734
19112,1651276800,699821.5241045260911719665284344944,1962722715.653145929029867367573325,0,3367218.47666530275071280528168235,14342502,4167591386.192240131498917444988483
19111,1651190400,616682.0442857588431668476944060404,1770104193.060830057288263479630533,0,3193924.813208138979876374390579781,14282013,4307055640.533972094260833444537279
19110,1651104000,592870.0937628625471939172447644181,1730875493.374825768954240940587361,0,2797867.269196786530438638667202561,14227311,4440886478.224633847959233533587535
19109,1651017600,418285.6588150079574751378043394541,1198382375.397784530453209970243079,0,1614761.444561757549016757571631676,14184194,4391193840.452542267501402628505022
19108,1650931200,497378.0644446108857569371759031047,1451613936.837369851270559835112574,0,1997346.518664707746104698058385082,14150540,4297506576.438843333206909638761236
19107,1650844800,520079.0799894402674323147875129486,1505466620.920938756321121609397563,0,2222725.998329020034434210859841816,14113607,4490670847.442103632304754161351266
19106,1650758400,231370.4292883985155236661662593979,680719401.6693362115782992400938113,0,993904.8327325555643097214137374705,14073480,4380151825.733191281155655486645513
19105,1650672000,218238.1130498036176550185429298296,645105976.4545155642251771953674011,0,1161244.742337983446211210179070246,14045654,4376940887.262524854069286275632861
19104,1650585600,377581.0596433413832239383438661776,1126024483.882892942415296515995045,0,1590201.790520919767949797272417618,14013931,4408953295.354936911408157361693174
19103,1650499200,483529.0651122696560042620829439339,1490619322.13231219476419238374554,0,2151270.446628299575830995470903942,13983166,4432244582.068371200972926396847409
19102,1650412800,494315.3498891932561442119670402291,1529095067.844082314900469109658847,0,2417092.429939253640880319156899068,13947526,4532439283.840784932514549005922368
19101,1650326400,374395.8378051741833996383644899336,1151970865.872595263557301644318236,0,1584036.741099797038449008258161371,13910842,4538093633.402818616976602200117834
19100,1650240000,458705.873066546086956785009911284,1357707897.726351338432045385178167,0,1795376.986115743394656584318126385,13878313,4485319935.33252881280722003614895
19099,1650153600,353836.8398165410995444807081931806,1079504914.303479185119724061180925,0,1492158.196359767515010620935957349,13842576,4403309801.992614966580921222932496
19098,1650067200,158814.822623343315678257106757659,482335214.0755573691635930171470452,0,793592.8065888997533673356390044085,13810538,4463141860.753113656325348901613729
19097,1649980800,312261.1920965569758110043749097589,945181032.5042090554976230430194524,0,1191995.788796656014293843571616248,13785141,4446066828.607418048453055402294446
19096,1649894400,432485.3952208340979665096742542513,1325209354.670026805930903347758892,0,1746539.219681703478526353534608046,13756997,4469647655.003604606503526457159641
19095,1649808000,501647.120410680051609444894746147,1536436552.929305183633070153590733,0,2022670.83428184628789699405168735,13722691,4604648387.142776983338636564733594
19094,1649721600,649244.3967233873938665669175310704,1960576468.337922819280529905411673,0,2136347.183526798693664725965748665,13688585,4481528733.951557746738174117101986
19093,1649635200,854168.0868420241481900967598088356,2617216633.605908947123827698523943,0,3003011.651042718354826723343648914,13654032,4375163268.485549026352959196669253
19092,1649548800,263690.1401838611526558730298316584,859090547.6304797239170154152758043,0,1245241.952253866404754595023650834,13610364,4638325994.000774503422900784198421
19091,1649462400,289411.5706541438395990729231396818,931326920.8200451646933205662293673,0,1200531.392279868511117811675543275,13581554,4685306216.750766763417926857845158
19090,1649376000,566274.6923678528936087295901679944,1842052826.100242746277090926534743,0,2258368.385757537638116134877103737,13553265,4563037427.592199200652118130753014
19089,1649289600,477111.5254185802478891647435226147,1531544310.989815805052921246854335,0,2037701.498948126292669203321199516,13519521,4706448127.586166091016477745240594
19088,1649203200,720173.0092024092610128631702663346,2358837119.70455128293159487228168,0,3155707.579595725821152661782908965,13486836,4645804369.986943033290030015707251
19087,1649116800,420781.3692068036278053655832151416,1464781045.091193187212773650422095,0,1960249.899608872972678538042918219,13446980,4814561067.05749378381907476692711
19086,1649030400,437598.8566047761369204624850829935,1520801521.944734816152923148081578,0,2162682.636840678835843343077200497,13415483,4847997177.418576687887167462609025
19085,1648944000,332538.0589963168445285021760138335,1161961999.68118296173091119316601,0,1847057.764989729025404421469252844,13380960,4870315882.637527982655273401765768
19084,1648857600,445398.9106091340751177103155634931,1549318417.3817724780563417824151,0,2456850.536054373266447389214068854,13345922,4815042055.775073472339092441538191
19083,1648771200,507217.7020814595589160735121278289,1698979323.404919188070360913160346,0,2698240.545710741054615242204711049,13305762,4821278625.994172582669819742769063
19082,1648684800,482442.7279536337898895374014538513,1620208486.570277850160864323805248,0,2443022.159807399107525889337444527,13262396,4620541897.994749780274046478882085
19081,1648598400,461546.0561538450329575390717873482,1564050490.149461045786433165899019,0,2449920.989784711396079987187558224,13220563,4760119591.827667999002874991328957
19080,1648512000,523614.1677413908305615582754661807,1784541110.171956934996010688120003,0,2901878.847918593669742894932162422,13178834,4683412192.25119081474289595621744
19079,1648425600,536906.3233362808741860176196925499,1800977462.166061201733033446664612,0,3429329.877797198945872352352533994,13130088,4612760460.383294138019198537548186
19078,1648339200,360708.7892251958277840369445017645,1152906909.935253490435428408956409,0,1899550.504548319287847271772412438,13072401,4653372054.632558612253390329289083
19077,1648252800,269623.4218423934250409151246082548,841873033.1488107396110619356330324,0,1319172.49474898390662931886502804,13034238,4495953069.931012245505025664328291
19076,1648166400,547436.5768884131852976074377594361,1713297989.758055830903830632424674,0,2430019.291765127718951917258590832,13001646,4425333113.214033750201193379949859
19075,1648080000,637050.0370050705478931525265976678,1951177994.958743159242256717008873,0,2709366.737404423031168592669917659,12958303,4418862997.482936619369614123461243
19074,1647993600,445229.9943535681613709113303071242,1324087432.604376020913718551820911,0,1977003.650512218614182741269095938,12913822,4338884031.977460245971855070916562
19073,1647907200,522912.8228706216931884257177504604,1565587885.385693805900416760504278,0,2269836.028832540521140874309216671,12874635,4359357745.591057323789242857491461
19072,1647820800,443707.0984369161557020883728257619,1286128936.932224816371131203985207,0,1931331.201092959091497133866591968,12833048,4255557247.61001946504411841159402
19071,1647734400,426633.1266078692516289320791728271,1233046155.420198955229236910705304,0,1972146.227569603917629308819787925,12795293,4274223373.266470188441687220564882
19070,1647648000,418752.5090590241545012696279206353,1236388192.197511505456519659892934,0,2282100.805900944921023675529311439,12753549,4372939474.457735678013415066134792
19069,1647561600,720081.643405359531567160459303757,2053187421.219772020485060393842774,0,5741686.934589622055126664895781527,12708902,4391962169.064334722397219035118954
19068,1647475200,573339.9774575617983936780416034965,1602756832.132923293663902523693341,0,4816147.483295065950054159555727276,12649769,4257424716.757793222844061033700702
19067,1647388800,692567.7209149497320335076374383315,1863158257.75595479431485730517369,0,2382054.874074145896564338998987137,12598762,4229214400.478668188557952523036642
19066,1647302400,457954.0725851339861569982698926486,1180062559.395902748112545290079706,0,1500879.738965173884142162179677567,12561283,4093134631.629471453240468062231777
19065,1647216000,450947.4626473466572291247165723228,1155197865.732747551848406121408377,0,1415213.340939987775467673480678498,12524255,4123625830.041215190956118211656395
19064,1647129600,386967.647225585000457621045442534,992166968.8976235696915766245381213,0,1188252.800669997088602821884575141,12489637,4056419265.936598244226910840681179
19063,1647043200,268784.641008888671970712968550882,694698698.0860275483071438162249951,0,829012.0555081938487295619721238782,12456521,4124608426.878060560652833117541777
19062,1646956800,519165.8050092279382914750224306201,1342984337.208343947435161694089144,0,1636554.240112826111430513116485254,12426854,4140502809.008537731735963975696073
19061,1646870400,519132.8509083919644662037068555529,1357105663.123906863298098410771826,0,1684544.124859597265148481574531886,12390357,4178437997.112927709027037114920908
19060,1646784000,536526.9443569780758648655446406601,1453860229.605447686412389206104616,0,1817715.165985145619080151237604293,12354364,4281601366.133819658526233456982897
19059,1646697600,633455.9984775984331070395863895098,1622609881.057935900011789032955859,0,1831972.070376163540089106302009171,12316398,4123325013.33795037879850847987509
19058,1646611200,621361.2669611826681119020811961481,1578154422.4547127406295944575928,0,1963608.59721546030630750685767196,12283450,4017834749.550066711213142465148719
19057,1646524800,393280.9961626507332999794540915336,1031424183.336374064332493840035637,0,1299841.49016106947205842363367773,12245202,4048735900.875704157696498467151384
19056,1646438400,319760.3837897797406715571676667703,844642421.7494808265862210185939681,0,1019448.29156155288070562210907585,12215459,4162915345.900615501280858524438991
19055,1646352000,699011.2684012979421759301605315127,1885353692.564422850074752644873805,0,2065916.302159575311092321527153337,12186970,4113447623.678181774415015723907795
19054,1646265600,464513.3207909126808590236492495821,1334941739.822428417081180005976499,0,1544640.155618202444507062707013436,12151880,4346575953.560471342398647093105674
19053,1646179200,686207.2718834935811249846200136814,2042550195.893229559728259792805387,0,2455781.844367200384867868845020294,12120594,4414724159.474430598574486554579955
19052,1646092800,685764.3366221754901102318362805367,2020448682.236394876221507588919394,0,2616499.733123241937011958612533444,12086074,4424836710.123996192251341038801742
19051,1646006400,743949.0462608637623807462625274785,2027580248.422102707433365825942121,0,2263175.22994872538091871387842376,12046828,4264269242.473231922036892842521757
19050,1645920000,711376.7275323183685525310548738028,1923968536.596168992091068044243736,0,2203724.631714094377946560005488435,12015253,4021743725.069809165019870432277754
19049,1645833600,438624.0294562875676498751093905849,1224710693.853912742122818249374286,0,1413944.334746832789101790166510177,11981047,4138746231.45315918108335810405208
19048,1645747200,810678.0785710239266288269294536996,2173249768.720698695464713596497756,0,2344867.720047227804314543626232776,11953008,4156072690.688036721353570847224444
19047,1645660800,1417649.125948003323530624684885209,3480067779.153606496885025458587721,0,4096261.050498692020227311192960905,11921006,3968936156.628801613366645907641985
19046,1645574400,552195.9899703965186329148200249414,1474630609.776066715345866997174519,0,1704261.047643310335194393392382695,11866627,4037353138.379383216245513164133121
19045,1645488000,669118.1356258645132786261157557092,1727416467.126476031070416998095252,0,2272730.385381670829820402123709961,11837178,4078969478.680172682123576529286744
19044,1645401600,861068.3185963340903285821190658083,2293321666.582059348455079897887135,0,2798634.70675988128234319330711347,11803521,4022096377.670982208247908180159953
19043,1645315200,608409.5743351000817860735526992111,1614227300.463604187068701339904738,0,2169977.531791796226916585987095317,11771247,4087144451.462182123623810971402429
19042,1645228800,341398.35616774584144584883391483,944106586.1132937957671031466733073,0,1463514.977535999137233074137507684,11733843,4210420324.625746734176627596825566
19041,1645142400,544118.2932258907227437326641599756,1548926691.737670766436227900952653,0,2132145.115815424624576149338809739,11703117,4348782296.264302141662808946740559
19040,1645056000,636698.5115653662374944600269267399,1914718686.165299043761285289990131,0,2570207.396064300823019871825880629,11671046,4440175101.352704338711066652368312
19039,1644969600,486304.504142590408847615419502278,1520098981.453937735779577458183517,0,2001963.202578461126069950153613985,11635413,4502891543.996479745533549863091718
19038,1644883200,507583.7326402656163131168319914503,1563032642.093051188994076970358841,0,2013222.961599785453834912094411355,11606076,4446602323.127632489950326756065365
19037,1644796800,428210.8196451978095036375705656685,1240682606.13073932774408848779508,0,1562647.098470839989011173669644265,11573332,4186601623.20843683296673239833091
19036,1644710400,319672.3024993078845135165626853822,927817584.5586005268256434813888597,0,1322679.304483251359736010218977906,11543099,4121616256.442114675065788334384879
19035,1644624000,472675.1848368898247156190918169413,1379805210.680400343507323007971526,0,1798491.076823290437283796432332254,11515072,4067975553.594487342041707218930464
19034,1644537600,723332.4997584185728231824257568741,2191319054.530080427239724194948011,0,2825476.532587800651374574629165883,11484905,4028031810.549744671825793711934257
19033,1644451200,673779.7579824599960948885064817711,2144399391.357307359111514510368191,0,2936059.162550144669638669622220316,11448796,4153259869.259622293692338939697757
19032,1644364800,449274.5891057183070026148454052715,1421454732.924021813386317902900643,0,2204307.065391002737201567547086544,11412807,4263612194.420986873213978541037788
19031,1644278400,500922.4444585122130780962742397604,1558883334.013569188912137459557777,0,2349972.512417917347769451858010674,11379020,4155071359.165774634206108350235189
19030,1644192000,506135.2860107920740469564661444301,1569989182.859217126951955249632251,0,2393568.193835830313440009169251444,11345603,4177547597.876559719251806726175047
19029,1644105600,373726.1492852001837942144535748608,1123974897.355268180312269088637623,0,1650673.641111086837361208435567319,11311243,4086717731.596935566197585815569904
19028,1644019200,489280.0369109362626237669981898458,1472615457.869802099856913547746215,0,1919906.49881566736443939916882486,11278950,4019605879.481896183190038985213409
19027,1643932800,574530.6259607711062817084804371925,1628179565.442717564274422480107238,0,2219635.853603454140039833797075401,11248264,3843722793.960709757248522526168509
19026,1643846400,551019.7550798078252062407180230257,1454706655.530449487723442158212873,0,1941348.29185563122726072524515628,11215040,3698405438.114396388224913968688199
19025,1643760000,574680.5667872854546813277299485129,1561146303.189452154309113638271238,0,2115360.319815419740030949805808163,11187702,3637444730.577525989304934225136975
19024,1643673600,600973.8575277836363107356527341919,1658395593.901868232772398981527559,0,2099977.079345199151002095407549368,11160602,3668741061.403241260555192891311703
19023,1643587200,563483.654853350017125361704607994,1457029978.876117724452788664398629,0,1818473.912585679346062822138115123,11135709,3538939570.944292189110795436415505
19022,1643500800,426252.3137768463484843084017046923,1105994426.975426621781185250762827,0,1469875.407457930552500933082559912,11108842,3442156729.24298853392741831483188
19021,1643414400,536790.7380770814954357475180116758,1376795274.021332268856956979023103,0,1615202.531153754625406694283381742,11084199,3449351083.21338418706659269406023
19020,1643328000,927054.3304470343056457724917280488,2267091221.010140786027136993607273,0,2293999.251679213024215606038191717,11057622,3373297192.367808023152361382440097
19019,1643241600,887251.3351074123691975041907184655,2145414017.003512404675111413123617,0,2642424.615245957126990087360534644,11029430,3176664576.995895524889084855446221
19018,1643155200,1073705.253587996726876506482842771,2723324749.495924957444922886296256,0,3341689.633630737791558055447428165,10995472,3147400853.00668963145872438487874
19017,1643068800,707237.7276070136473486362960164129,1716809559.464690224518691626913629,0,2428196.514617496722104961436818248,10957168,3184764754.364019564294336225552631
19016,1642982400,1434617.927743758719920633383226702,3345904606.288967663297326466725894,0,3949996.923535437016725920776512892,10920134,3081675871.614611870836385571196711
19015,1642896000,972403.0165070968199725844675982207,2384552039.157050721013131727492094,0,2456304.040253429102210208801530093,10874636,3157743468.735274566174979516196283
19014,1642809600,1243944.516955148543929903879595184,3056645601.468411635916902187964213,0,4499372.153034795204879275772828307,10841434,3026305663.042540507785842726527223
19013,1642723200,1642592.866211413156744897890420341,4540287813.300687342441544394866741,0,6363544.998363026920983902865434508,10788342,3181987198.640719001250213037410685
19012,1642636800,630458.342478464364150539251778407,1982967604.962568268227261561049064,0,3247498.735718505586861490841679535,10733292,3644937934.677151455289918151573177
19011,1642550400,556861.6263868062999254338636743351,1735001344.327024405115718108566967,0,2821268.616448190083884925599349765,10690095,3716605888.154831596639420079412506
19010,1642464000,546445.672763201893894207619563098,1721524447.582898421096540995353331,0,2869219.609583813412221797357176281,10653880,3750379569.307682782594260724941736
19009,1642377600,497215.2914177696219505901441860906,1616687274.873573846790458860450587,0,3052423.358346489639048716824837599,10619353,3607799100.473407138568318868420275
19008,1642291200,323127.1936426310737632887784810305,1076438929.419155680821855803204859,0,2271396.829513208408796047076622047,10582291,3716169034.940880009999040430405079
19007,1642204800,306026.1789372034923622969561804049,1017721094.538265950364464808200175,0,1822789.047517211432182066550652734,10554337,3688603039.411695426355782869945012
19006,1642118400,429796.3424291145228333912259723392,1405116806.708210328954037746742729,0,2545360.58771970734178058647587207,10527784,3642185410.179913390262082866483603
19005,1642032000,563541.6519649264767819117008919999,1872300262.133399284343907004931311,0,3234260.831453371130095170606855174,10500267,3573418954.403980786176123386526428
19004,1641945600,484966.2760312493289128515863893242,1605931448.364464296607389906944798,0,3650152.551986209613775380744234494,10466897,3648165729.504492290692285378535873
19003,1641859200,512834.9559591343542661966759815296,1618152534.861802813660679809568307,0,3507656.186571050196051487707072842,10428680,3663903396.198682801827832790351676
19002,1641772800,803082.4714916192196339023312079923,2454644228.292877355640956462164108,0,5192464.849355856436770198118301971,10390511,3491309183.825921661726405819207739
19001,1641686400,368334.5224040517546752356792886815,1154072874.459527015009589699601041,0,1934834.810919334545607514723245727,10339288,3532658472.291515895674458882780738
19000,1641600000,633007.327692292638892497859706749,1975162962.462613710715646438379317,0,2890366.879016935717757264241959048,10315135,3481344667.096107982497158249372293
18999,1641513600,741381.2874637727972833915980226663,2382394854.433015443605191690347402,0,4182702.439087426283410328612463681,10281526,3462872717.266874968980810953324855
18998,1641427200,559043.7810094737316207040289725079,1912714296.484637208223735216662057,0,3709323.175805127955170087787586103,10241452,3748261180.386931705353957794969093
18997,1641340800,579626.9712434435262824614721594783,2133143554.968673488056342956853676,0,4140506.417774944365490515828999948,10202792,3764774702.461838548998381920603379
18996,1641254400,414278.0890518469563537650919624854,1575673189.187971722988989728224729,0,2804958.699881542900444895826938341,10162778,3953220820.708300148976888168905502
18995,1641168000,327988.7383719450407069808741281574,1242000974.817974665621169672025529,0,2619332.717633707158382363100472342,10129460,3959834745.484755789874340557720602
18994,1641081600,275219.9741120902534059212956404814,1039215457.850639963571940992472142,0,2110536.210061948559399425046704749,10091622,3994033119.527499351512747182548328
18993,1640995200,279493.6227377514237936650252095091,1041508731.660533003319077011203217,0,2058656.882925400627742016802549044,10055860,3876484938.196888877339364626886536
18992,1640908800,362198.258867029716551281935129958,1353015182.247406639592913903687216,0,2685119.853683751997411333072923592,10022528,3768469858.989382045742667019001624
18991,1640822400,347522.3715064895287724885718660784,1285232461.607562319815773820403283,0,2577192.81350040289821595937814914,9982505,3782861398.644473199744494907329198
18990,1640736000,391536.598898362622488242219884542,1473702764.301368199602550015757063,0,3301020.365351062286545704955051151,9945276,3713437156.782866833278920024885645
18989,1640649600,567155.6777639590543595158187279016,2206626731.353971024098677008231623,0,3840088.321885544188243748963966631,9890763,3828359117.482271656213278214221253
18988,1640563200,281781.6156911967503168558946195748,1149443997.817368356248004412857545,0,2450042.749307662522398943862965883,9847213,4017968896.929672083573209387051853
18987,1640476800,298349.0766484855600468684275834204,1210522802.540249464133953395319454,0,2496973.245456026867029943902284645,9807050,4043420502.43917783858844446359781
18986,1640390400,363721.0905304650930396848763431418,1479656517.482746287751811764240798,0,4954691.206733399590801997235054312,9759132,4022873113.682555249725148480774583
18985,1640304000,338714.5724185684999951498059947746,1384889815.713196351387548319468438,0,2703471.138991852843538177492924046,9674651,3940337982.451059299913427143155941
18984,1640217600,443191.9025401783127246639649729981,1772123786.842933432151265134879798,0,3477514.039557677334917618788292932,9629048,4039891558.169840875480060098038444
18983,1640131200,343785.7916712689656783016184856418,1378996014.953870982312523640402396,0,2482988.207130969209205019854367134,9591299,3968527783.531671405121956051594664
18982,1640044800,411496.0275011189776857973819927763,1644961332.935825400187399749118619,0,2617298.385246867098235125151193329,9558531,3970904283.355671706458777924300589
18981,1639958400,571609.2705188352895211182883269478,2204529427.001595227028845740552366,0,3265034.441708452238135278939691685,9524007,3913638802.572915969953936781134161
18980,1639872000,435658.6733521976899134213732521435,1720125157.880354910226305432708205,0,2643658.89595668101777947978950535,9488102,3886031138.97419795211031414700239
18979,1639785600,494549.0615672923556664707531367524,1929528952.33304336549836448226973,0,2755631.858952363134900123912860009,9456364,3871938537.770682783984524458289115
18978,1639699200,705452.7417465673434910353833442132,2727676110.791323013058158297005244,0,3707992.608032931633828496422462624,9423939,3769942577.283817456092014914809901
18977,1639612800,507043.7225595856722028632313839667,2047842227.177699709301134249261868,0,3297151.822665925001629305055871396,9388037,3791374080.233125812944606606779001
18976,1639526400,868661.3475181003969316614379969624,3359778877.612930412018490465373243,0,4341134.243520579812587478009338352,9351879,3802924603.006861437903652369681505
18975,1639440000,554388.111076017174970763855760306,2104933019.543035124819786260947052,0,2875082.355068248706831924217415838,9311652,3681852804.896461691930280457831092
18974,1639353600,676843.0866284388391909705327313183,2636225096.717189593231716768616981,0,3966498.1340691713876906797872998,9272534,3732982419.985134341326325085072624
18973,1639267200,359545.5423680992871569372990790501,1465960336.187347755381967974249765,0,2271330.028018377835558160117514392,9229269,3979899398.493810706685941573519941
18972,1639180800,574017.8524536157275132569092490421,2296917435.887467513990967088039823,0,3857678.455529853573668301590207557,9193395,3920021304.05025939838012542832292
18971,1639094400,858148.3026282098904752980064150249,3495509521.720649806315940217061716,0,4949598.56033730932963110705705715,9147278,3792611156.813286713874929067940225
18970,1639008000,720256.5242489866724064271914854408,3067112588.55244793229391399248917,0,4468508.009939693260423200103871459,9102208,3890762771.439714365602312125085604
18969,1638921600,487130.8835663924931663866914603591,2119655286.217401533262370043708462,0,3506207.907698786281818483042421127,9056744,4055200556.44636328500717320376523
18968,1638835200,487064.1819100475640722604604073057,2117668528.425193088567823896376345,0,3539340.788336899084345307710800516,9016052,3973780935.067266805227142827119093
18967,1638748800,942857.9607253596812549750802809293,3875281717.666474233803105104980232,0,5553350.968627313990097703737561688,8970728,3970032070.905223766821221709059014
18966,1638662400,711256.3918043737388193131012101877,2949676242.25340909494482710283361,0,4315245.487138030189317938581447641,8918104,3803166333.53145503464158547874128
18965,1638576000,1209597.924031485052977062122094591,4813797797.276713993409562278806028,0,7791048.950407034153473815655357755,8874453,3817039560.579679202195084889861366
18964,1638489600,753826.6379876613694154927046002487,3297857192.396502773409539391970119,0,5104069.310273204757480245185081532,8818988,3909866815.84484699082691372190276
18963,1638403200,581118.4729047784162907186547721977,2635076084.48018766266227920684271,0,4527430.356149782267328873888614645,8770835,3968476051.837435518889679853601195
18962,1638316800,541838.6183654245900148562433859738,2536635923.260351533198353649963721,0,4767913.969248327233413314481634108,8725438,3970163415.128800264023315186096667
18961,1638230400,747082.4774497134870692897208335642,3403914432.741245652967557901219014,0,5209268.698575288122954850371431104,8684971,3939445010.233269933167020760247059
18960,1638144000,458325.2897317082624755332398166347,1999031716.807642147740517819257379,0,3738087.33197281203291910200919351,8639463,3959170321.849381000352280070387534
18959,1638057600,504193.6372185748832776111113618506,2064898610.541319951838678575741448,0,4108610.788232035333995026228185589,8595454,3792055360.338448921182942385746022
18958,1637971200,418116.1880921554741522363547413814,1720268647.615379318896391835002085,0,4496055.939100439730357157553636013,8546598,3804034717.452748560036848735791647
18957,1637884800,873028.6996027987084792710243873602,3633652945.643828478121436797666219,0,6048989.552413949567144989038448321,8489578,3617995329.232405506970257162305657
18956,1637798400,480688.3039272865632611604349899144,2119298972.320872244061283661117028,0,4753741.194375879811623547550114601,8426320,4052042524.641209096177711090501604
18955,1637712000,529141.5473993980116278803984491677,2257674115.733594735330070678394723,0,4231656.827433692634434259449878674,8368989,3913852647.468207272017137095086763
18954,1637625600,537958.6926490276488904240591891601,2269186749.527599280955393962948068,0,3903383.047632844426153846495372372,8317963,3887663683.452084727490084002956187
18953,1637539200,617168.9176334001855178808155480777,2577537192.202670844192800951184131,0,4042821.628564754426332005068960838,8274246,3723596588.902015494851504634347773
18952,1637452800,364728.9277577387750733711397119928,1588501274.884295840618894136760839,0,3222066.913892197180843638696527665,8228381,3852810016.427344063458225586047855
18951,1637366400,357299.9557119816695087855132031205,1541030559.712425725540602357993828,0,3284213.964477353931160780909997197,8182193,3939698558.525155073947322684352877
18950,1637280000,487965.7783100328758973988987029897,2022173955.705746125083523321253808,0,3301514.61715050169262459365776306,8133679,3832098426.317740496378520304447971
18949,1637193600,679023.9889674670291433841592182636,2805510858.934541549894237134570846,0,4146399.971217661893322152016823132,8088140,3595807965.341546605613205458960675
18948,1637107200,527052.4041500304548798068156542717,2207606322.205720448357202947143884,0,3321733.065709266363252672670346292,8039372,3752370690.757020715605862699148248
18947,1637020800,695721.036545374073108314963107524,3004225395.055000449008777502576131,0,4716845.100428397603617526949271005,7996770,3593257210.034243909417462603127499
18946,1636934400,363005.8002821623023708381041059777,1690929970.231289066957311716247017,0,3734727.605247370386062264598521908,7951505,3760184511.642187063189356606418078
18945,1636848000,282388.1371720828553751870857810943,1297632619.265954692440602654803535,0,2168656.357152460654237517321605715,7909735,3795279151.537535313048428817560744
18944,1636761600,244700.0503897346089705966657410618,1136816625.735832711667046437489042,0,2240208.969137625108879891969757367,7874845,3798140471.700028780920713313477131
18943,1636675200,464549.5950354911097224591844060369,2161820609.871100929028874242526727,0,3807071.071163914867345837869162191,7838295,3773785949.312248008337771032334993
18942,1636588800,398637.8615924009267044257686501964,1869964679.056086860211121317713804,0,3796956.668151618963715203779497294,7799596,3788003234.658044205262803678653187
18941,1636502400,670900.4644862636554213287391744271,3150950767.653009678517337039272082,0,6219867.580314251775741405278911397,7757900,3725175915.093040148812045750866237
18940,1636416000,365632.5455454823392948115970024258,1749977614.173323545975784081708504,0,5203756.357559862083348189193286323,7704210,3767612527.650185474173840156195037
18939,1636329600,353576.9045584116006907145826441199,1672660145.814865248981208749336539,0,3278673.962431047222448198833612577,7646286,3805336321.544061108978233206796652
18938,1636243200,237453.6444192813428529808269337188,1088532098.855266520582625977944888,0,2591716.022817324976175960445374799,7602917,3648742068.038549409479390881918005
18937,1636156800,264613.0596314970228233013920938055,1176938958.028563282969024540798375,0,2620352.060797432401061659235985761,7559551,3506196292.882511625509826738889523
18936,1636070400,256647.1621349860111054257504519868,1155635307.210015568121444289619782,0,2556440.355007130750357388945339908,7519171,3428718237.949062414186263751799925
18935,1635984000,343302.5625179225185854415494658712,1553660418.74551833015925322005891,0,3500014.843099414899434463572216217,7479394,3428078409.899716994631558091362637
18934,1635897600,377925.3505215505453666193419758548,1729025451.612735085702352669117084,0,3633288.646153078806685174657911341,7434101,3511135168.133808877774685268882
18933,1635811200,371644.9810160157100945740312394213,1651353599.830331224206738306397565,0,3408324.600968328266673189503796121,7388448,3453592951.773633914445275053679214
18932,1635724800,309965.7994536763736369042273869265,1333386982.938936842939941316144255,0,2498931.397464352214941973817338433,7345053,3300472041.685512042453367154613171
18931,1635638400,297979.119397276984854124744020792,1278072387.240741782483204220624028,0,2613195.212992165264618650434216676,7307878,3274636795.781024911738060815077082
18930,1635552000,279256.3478096663347089161302820977,1206455930.060266763902898779311217,0,2634934.358568321914187337975737461,7265536,3267028276.680423325864038804066434
18929,1635465600,380568.7234904771364281459362109964,1659577513.127888474052866259339784,0,3102457.13281974099134207324015966,7226711,3248394939.522922000316078558980848
18928,1635379200,543306.4209277150402182547039601565,2247473853.299521850471455275340721,0,4626856.545983150306159384562429327,7190487,3161026062.08515610031986484244755
18927,1635292800,613972.1685166816902279596517135077,2501327480.562750549503206113274505,0,5138993.36962080858604678099608767,7149491,3026822232.837188814138203447228372
18926,1635206400,425296.1213140588835681758713217564,1785241695.291380042544560578654738,0,3353703.677076161352291269983231903,7106208,3082758784.291705243435293236553643
18925,1635120000,291837.0437379458635041304507004904,1213820362.601020023846422898741944,0,2194335.721833056799936857164457324,7066770,3162187695.193831817136753888231088
18924,1635033600,297636.5636174315927306651745421605,1208968620.632029503672368614626184,0,2395054.821076308142615435290512883,7029715,3078953255.591681176474873250940281
18923,1634947200,319090.1200796956251233421392861267,1292095348.159498375610255335138608,0,2248957.634128080320429546074654256,6992735,3095458369.111110489038163636781
18922,1634860800,424297.1188807987724137253630132638,1718023446.992266359519837237466208,0,2920730.318269511698769759262985266,6956651,3017228341.366164959398897682477181
18921,1634774400,625017.871739105519452696007424127,2607969625.556256964716856449929847,0,4127277.31009414329912255183780634,6919845,3051034738.29016076151516700570278
18920,1634688000,410539.2449258408291784352167685799,1642572469.054753764699365319294838,0,3000672.490047397840688918770087501,6877240,3084438395.463691991472616676057809
18919,1634601600,386159.8583294884935782944800493079,1470860839.827786397283609118751191,0,2369707.84800286326309969140889087,6834525,2941817401.559311601968300248781023
18918,1634515200,367384.0300656630356404288981091709,1391911382.179158958384575550353301,0,2517550.243917325914249099037585215,6796074,2858388238.257118454026058385102799
18917,1634428800,311543.9758666055198306609143044756,1188247478.782447082117468955965157,0,2359601.956045749252553651060188423,6759648,2892861291.36852497222195880050671
18916,1634342400,347372.5629571113704214090009410315,1348559536.599412846830817501832155,0,2305496.468300146617628132766779444,6723732,2795964142.260552584855194988788701
18915,1634256000,495155.3577414176235466856838999701,1887755453.814273645876391849391638,0,3647036.863681500294310268757647744,6688864,2805961743.003394277203432704814904
18914,1634169600,361732.3785868074770922840315377807,1345992264.315733385299728589799578,0,2559234.598183107887346241360672948,6648711,2726819814.697872479869774565195397
18913,1634083200,371315.6044565142548054946782915306,1297652484.057180438364359407832827,0,2436636.392972626788061693101555024,6614308,2673522603.487280343346549955725437
18912,1633996800,428605.8820955964725984713264658096,1492700491.033491130061441271110882,0,2712650.208474658650714020949430706,6576803,2630809652.355113050013883794466319
18911,1633910400,419287.9322419949739029092603938918,1481034560.700392743818783853457779,0,3247067.127737379386189434444787814,6535404,2665227933.416376630332720617768804
18910,1633824000,316505.5100521915945990349923727791,1117372126.966536087775442363495576,0,2275463.505525817455126142026963523,6493206,2611089899.222729677054057893300104
18909,1633737600,206385.8238720184485298663475833932,740589683.6264769365046631284377651,0,2111926.562917164621569797750645091,6458162,2687527612.321955694167647893920709
18908,1633651200,306668.3008500568062720597573389218,1105891494.998681680559920224503286,0,2797286.312221022578216731154869041,6424047,2623172108.113266851335698850514315
18907,1633564800,374589.0852372757446014254264528449,1338526207.182512224268340431962485,0,3474495.95007488055494206781314547,6391952,2625336813.394104742160544929464305
18906,1633478400,426525.0054900960751167518520489934,1497673352.517897432441754685424141,0,2824794.710227534339326580310914247,6354375,2605824901.018079882887240303588555
18905,1633392000,298540.544102326134050191125296642,1026622854.303496001903672274643412,0,2412431.401559351417534493951461514,6320276,2598152363.260011477667264568208334
18904,1633305600,362193.9114610641500098832102862485,1218922628.746177588393433078256234,0,2442070.995829828427556683090765641,6286950,2532381905.448316519163462262794538
18903,1633219200,279517.4845139266204268287937008653,955645549.869213730842036151851328,0,1863378.461228049039986811194964003,6254002,2574462121.231086299895437264836677
18902,1633132800,282333.4863459389150403422868069575,946501608.6592428632454951499845807,0,1889381.50271756932009551157572636,6219002,2560343340.924532632050299532111468
18901,1633046400,418571.8812867409003267328860340071,1325631727.001727901440115980624756,0,2223411.50952900922500440076309576,6184688,2542427236.87538661162169662500871
18900,1632960000,400898.7760075686280507195494959739,1195979703.043477574535333763379578,0,1877822.519134307005821542536766447,6149256,2414491210.699380165287221879697113
18899,1632873600,339344.5569820230265777368475903846,974402338.1804981532471933955401481,0,1772868.11206551667233486471378802,6118938,2345594041.875055975634517510625018
18898,1632787200,400648.7845171233496969302514548653,1158015449.822369415186437350000085,0,2159251.430422077823223127712266701,6086732,2313455531.192776237500603896936093
18897,1632700800,398499.4066687267652061891390004614,1222860444.709735870361510119985079,0,2142966.496832269106081857871964941,6055895,2371881516.784676181219089909486171
18896,1632614400,523474.7808460726425084717460025103,1538061584.080345268540600402957084,0,2787550.515757140339357796076454071,6024033,2404592355.140062693565100638195156
18895,1632528000,388439.4535206351544518244989124674,1129535619.408672033809833168162105,0,1787899.118133739679137902136860365,5987677,2324248614.02808981138029133327191
18894,1632441600,522962.2199801984158035340074073715,1530068996.744401413671994279640281,0,2777016.935185188413044148020476825,5953082,2291371327.091873913490534220801665
18893,1632355200,341802.3287128698151404439345033259,1063055459.780434774547709324010647,0,1844051.709479327413186197871114211,5913990,2376650513.840313236385952340290659
18892,1632268800,477722.5157617709155194695833788898,1401499161.241694691699291846259206,0,2302855.40457087264292136637530956,5878479,2325244896.333852453823891116968642
18891,1632182400,724115.8196358847908555429407117248,2110651203.290898320126163539293986,0,3595706.559408358531581158387856126,5839010,2119530400.511428359031862626718461
18890,1632096000,715543.7963270979452029674109565043,2215658821.51237039501787446024858,0,3962644.222486784417331463068334224,5798746,2204364627.203838541851974550037406
18889,1632009600,229482.4152317467572125571761470216,773021417.5623803113468000999084753,0,1469661.035705097507889913434230363,5752708,2428367690.590869092309378246450065
18888,1631923200,217945.673918969920266841588288436,753435397.6759888072395035590188911,0,1515019.003059733360968786547028161,5719685,2428331167.160587381303901509842731
18887,1631836800,305380.9764814421637242198219021805,1061427308.491826745352909513371254,0,2234399.050604142470119293335685622,5685103,2391353163.559821116231330726956709
18886,1631750400,344415.3130195181396477434203177055,1238028913.006037326875552341720612,0,2766373.44012163179595804955995991,5650183,2457184276.363747932831932740980308
18885,1631664000,257777.526594818771003875871905935,895091133.5552515941335888041501916,0,2095786.230728627768688387912684814,5609989,2440388184.700626854519655653570477
18884,1631577600,257776.8035874348819359774056776457,861111215.8151185266498878087031343,0,1808743.833702475879905697317312112,5575524,2338521615.736208930282130875454781
18883,1631491200,396061.4105623115576193467614587636,1286983878.016143668384075351175225,0,2462176.5298310862696060462506765,5540558,2240457228.269093563594369051753581
18882,1631404800,261639.2526114467201944913763489708,882464435.3409746786447717230411206,0,1728352.393091576823894006831696344,5502389,2300928759.512221414332211359937265
18881,1631318400,292405.6596480913128125304838973019,958287549.2484734389487696935906061,0,1935697.527139528948201999774021431,5469659,2259884468.503271070469703407831325
18880,1631232000,432468.6125393550510398135012981342,1438292611.36566258137504839839681,0,3067287.316463392211341785909346229,5432155,2207995822.94108159920573143620636
18879,1631145600,395327.2282373806717826763895076277,1378159618.47206586971039984155582,0,3141431.718687151838798612724632957,5392256,2322371231.431372887632811135975341
18878,1631059200,611514.866988398730258412092970074,2092053435.314773375705380455526717,0,4758021.774152440252848456382653307,5357625,2303309727.469149864300902581392385
18877,1630972800,702142.8941818085901515951762108741,2524097700.320939407057437640470294,0,5714917.629573889588611507290574072,5315224,2256671412.139475310519490724512967
18876,1630886400,315638.7786403582361668520207429661,1240586718.854663437775561174241384,0,3630187.669440454830300232365946668,5272642,2694700685.360235116809102443284067
18875,1630800000,294560.3448140710374073001937039245,1152447890.233557794909742546103224,0,3249010.220963160395649648054949654,5235473,2731967930.354563335717391258472644
18874,1630713600,301724.8987293757580489104834248484,1177482599.480082587427756355717792,0,3486142.164982459936470048741914215,5199401,2695167036.86916878156898703749204
18873,1630627200,420167.2867323611198263605170430874,1632655927.111880676258989578179605,0,5115994.939524324069422616103624911,5165530,2673971781.41970078501798429769813
18872,1630540800,376373.9275261031825767003878823207,1421012324.245075885416319109590445,0,2985790.705260155186851504372872822,5125686,2632396276.947143489587474858191001
18871,1630454400,491681.3275936777667714677763524581,1760477153.000905241543901846244705,0,2934165.446044255440874281787122843,5090164,2697040412.309778106304814638165044
18870,1630368000,488668.9167712475482948271636582194,1638320709.510264078630580537082356,0,2914030.100366620496094889762895905,5057852,2742171657.171153970973596211462903
18869,1630281600,396397.0887359149746166324065345164,1280096717.115895031609374275855849,0,2345881.491582612422666392821238908,5024438,2656868223.273663566309225397399171
18868,1630195200,305424.2502788020962610677300859602,980745688.7487859930073067155280352,0,1881885.280569441250924047430848999,4991021,2693850438.676152953873642439494091
18867,1630108800,181573.51814469120900106573406746,589203393.6788449230554791483447338,0,1134598.14113772422579402290283578,4957108,2649512871.870071919547994063343708
18866,1630022400,328769.9434228918146657902703644823,1040976016.902962641410594015034165,0,1735277.345372451715153295596283403,4929054,2667167169.194036654344388047574686
18865,1629936000,388486.0794770366257401795893311819,1214918089.140119264885488557495627,0,2135384.566712217342763235504886649,4900208,2544037980.398288522085602745116194
18864,1629849600,396941.1251739346864640426600423278,1261406953.536904759178606520558239,0,2414253.09537146405403287129838789,4863968,2624477546.568203501840286985513633
18863,1629763200,455934.326478546342183327522779036,1487894153.691651222627340062514494,0,2455933.777927221727911082498739723,4823443,2555350028.334866833901958344557805
18862,1629676800,375658.9976437936373346132729413333,1248468674.245066496812723460964764,0,2316779.325251888325944976024509813,4783310,2658740754.139539441820744770061995
18861,1629590400,316790.304534997226887838620779276,1016038678.315586517750106202722743,0,2638116.170571139127280890678171257,4738820,2629641049.137676341341691625704669
18860,1629504000,274063.7387555034794779492011162753,895186295.7548670294953399877752958,0,1626387.820899191521225058610068008,4688712,2583727194.512207367021945804183112
18859,1629417600,370225.9376381878803398719469455757,1199531191.184439351500533756886864,0,2047495.499797918434374621067402618,4644945,2559525438.587123667383607929590722
18858,1629331200,417544.5258805976865823450608131059,1269264351.650919307912003859161686,0,2169500.505289911054417147789576127,4597701,2496523996.709498158377346537817216
18857,1629244800,541071.0922938603660439145436555971,1645161839.451792167151724068107063,0,2956577.305211529342819345905667118,4550783,2354542800.48742766706160732635612
18856,1629158400,607321.7921125335049329513584181593,1902565419.550904486292232221808222,0,3056070.221997929405599841446290117,4499379,2332968243.616069081139298578029169
18855,1629072000,395028.916009852013986877041698103,1279116006.576597726810075151344921,0,2151316.558892237620973200488706586,4452585,2411773316.177796497025229577028903
18854,1628985600,335121.8611302925865962884908401983,1072428513.884181842037944134947845,0,1854390.491883089651856102403029809,4413390,2479143648.325282261130431973367705
18853,1628899200,245432.4803185197067330922120068159,801403599.0117911674344875493103858,0,1607021.155495989880507305209884624,4377835,2441462326.350330363698919158993697
18852,1628812800,331386.4463017461279377519737674853,1059020805.309671344545110921461517,0,1887408.98745821825799316955590726,4339512,2324027172.714238706983389205560175
18851,1628726400,475335.5482170822850241035560085707,1469792510.09563146476182361606573,0,2496323.456928031523596872944915767,4302505,2201917005.094376211837645141552631
18850,1628640000,373691.3774703199281101064472873301,1198507533.109837591355344911441391,0,2240985.828265875441183553649050936,4261371,2222554042.231309179918408505959469
18849,1628553600,451229.7698269933061480165700785693,1416147171.817003889911505296062147,0,2350903.397257629556505247739785969,4219974,2197671199.490220461507574691994867
18848,1628467200,702033.9428034503770313839335924187,2153147505.812099488699344532782429,0,3623711.759945976427038682173179868,4180261,2190314569.008827864398793872078103
18847,1628380800,501233.5031218945332101260025438096,1540519599.035866051992325538405134,0,2531182.362201807003059549809082536,4132771,2231670474.849693898634030838361615
18846,1628294400,591913.938368563056463564217203621,1799548117.338805202876290118053068,0,3168646.104115480565999337703082343,4086127,2281099763.50487641285175619874032
18845,1628208000,479964.6392835639517934701879830362,1352260182.82848406928673663978864,0,2208931.364864373887984305267228613,4037156,2190623089.971413588760613467985274
18844,1628121600,617087.9084912294568598855713356608,1672773819.145516136320755623750778,0,2707134.696398656028226310298824975,3992765,2069686327.086453467874529343990469
18843,1628035200,583403.0482641838413945276318249852,1522553252.76455376157072680965048,0,2334085.169267193863094611143692038,3948228,2061617408.635829902308075607598561
18842,1627948800,533947.7625467688026824686996921032,1339572759.756443382847416298785285,0,2090661.905106615899133083156581832,3900121,1958540474.357593824238021210100035
18841,1627862400,417944.76786250780766125336672258,1084757851.611851912181328798323353,0,1782534.177300896539730888949592623,3854631,1996892570.789593501242322662454055
18840,1627776000,407802.7323045340278734323177056458,1060014833.42735563017933696042895,0,1832431.761600479208531591992720964,3809576,1877206989.41427118577454351768733
18839,1627689600,298838.9021698625229159548880991896,737577586.329245239678179022636284,0,1323091.458879987085718337282417592,3758186,1907983151.128609628540565359411853
18838,1627603200,445448.1022741082444306744308506504,1064367163.754720144953439040016256,0,1791227.091890374043641463424616839,3710632,1905815593.869027403260518989176432
18837,1627516800,335899.9330609651578595083292744047,777614337.7649966855529052030783525,0,1489241.908128364292448183802605643,3662383,1859129771.348964983598657355088932
18836,1627430400,533565.6351832185809274168123053421,1226143413.597519542301343941414576,0,1999310.394099123172087448836266364,3613459,1812172841.621582010312831925691029
18835,1627344000,570231.7784990274633776120443631231,1276878406.039721427758663707634872,0,1920875.569889403745976367944380672,3566662,1771564720.599759797669276184017996
18834,1627257600,846088.306306924227285418910320216,1953127349.615929489719834843795255,0,3083917.324136108781474717805283348,3519399,1733888211.871864137106263671398272
18833,1627171200,289029.7493697776935451295645647713,623529559.7086681901714760688948897,0,994112.0355117148921580070692529701,3458827,1693960323.713779683139307749007288
18832,1627084800,332151.9755021677627817524225110321,715089842.8086927421706148170764322,0,1260470.398531945544734540879012853,3414509,1696228139.819119385738781816939461
18831,1626998400,364037.4803380989884428165139882884,747705910.7766180241449875189775334,0,1307903.934042750089474083187285026,3363556,1753517791.760490379654074950525269
18830,1626912000,458335.669998535902914933707673584,915645440.7830671930248661065439527,0,1450406.956419999518420042276571062,3313903,1672004958.558693631576525972137901
18829,1626825600,585863.0905117878486721615163735877,1127172992.15054648707746452025166,0,1857708.962642627074193286994919921,3269571,1609124580.719168071938397632207469
18828,1626739200,479208.1919696374411195048179919136,845542881.7206467666896656910543383,0,1479656.998735243292210569048665414,3218874,1487096861.020999142470987931302316
18827,1626652800,343343.4660682821424622817456761619,635071652.1868209072416723025581348,0,1156099.025122403151734127993233773,3165435,1518732734.469984499989815579567753
18826,1626566400,336596.4498131062585634465520177674,652423110.3742342681254128190812462,0,1389770.052338877884502963983274672,3117405,1566327936.227949560796248395072002
18825,1626480000,338072.8115979032685058687424447793,636972752.1261596880608587910642875,0,1385072.510226415742585513985003481,3064946,1569221901.363464394671041165985595
18824,1626393600,385580.5373014542914042270495627013,734456013.4163692412061391641918127,0,1559565.341098614278701606065006527,3011541,1537206799.579324833249767448199313
18823,1626307200,499743.9606903134880414194517464981,969225095.3723883562390046216634164,0,1952165.134431819825565883131418995,2958996,1526514590.244331555122213060996924
18822,1626220800,508620.7021113514960596899881063937,987423688.4038262101944006610140261,0,2316408.955734489156198442907574741,2899303,1555084495.22070668110015362849957
18821,1626134400,443962.2163825716753316110597210038,881278067.3988840956100920399149282,0,1919250.849367852625942087629049316,2834619,1574251991.19306669270904761313022
18820,1626048000,298073.291233616358667881925787717,622814436.4348550592571390256388678,0,1152698.911110298287987949083365881,2771459,1620726699.996375376755463393314128
18819,1625961600,210465.2352245672445628028017440042,447449087.5276380475300222535493276,0,945310.6866043548247731188264667249,2727788,1656313711.609802079026805762484989
18818,1625875200,357389.96622404503062581443715609,759008539.472545866474211926301013,0,1450271.339972544037780054824968067,2677645,1645193356.247513707443413872388608
18817,1625788800,376146.1735897298009430044098704787,798937913.7160043435978606849098388,0,1358952.299514952023962373345088891,2627195,1660202661.405505601657917726395842
18816,1625702400,442793.882519565475550215283848505,968834718.2096701553912606684535004,0,1721695.40459079006301563162790845,2580619,1619469586.83651444614105483623747
18815,1625616000,325015.1961257179589628537360571081,766541666.3837388315064363119854123,0,1423264.36007024483149708114654508,2536064,1676098174.475939451081530279469601
18814,1625529600,464137.5015895130388752557921232792,1063700095.804959143565566249950702,0,2055991.418895743142143729180895031,2493769,1699669679.459302133757422471283039
18813,1625443200,379090.6448418628674434998481639755,849371762.184441573967891733167677,0,1546526.210933463951425879259561119,2449312,1655204726.866410386802472186710461
18812,1625356800,304555.6414335004825188200727241613,703532550.1185992992801391472219385,0,1428018.293085815867913821273953351,2396226,1691247144.010964709568225271709577
18811,1625270400,279219.5828050931290054555939338863,612195508.0996864811348318057949132,0,1134710.629412151928383655039397449,2333914,1658708311.786537564090266855521626
18810,1625184000,331979.4128350073913850907547720023,690567059.3709875881838725284334784,0,1185354.8017355595497528112076996,2281933,1627453914.211774211718838695077305
18809,1625097600,430608.5070173917969224406503377762,924712131.2091471295712960252501322,0,1495659.432261776350026150598174198,2233873,1592860315.157094486758549486362335
18808,1625011200,465886.9346782145563508660271557637,1010442663.530023121367615039229314,0,1798685.140090682160631419906253096,2188524,1640035352.309908365611778772169227
18807,1624924800,421051.4250808180760907269430559113,913341336.6071882545938350520143121,0,1661544.739371379056574335033867287,2141800,1618129639.575307098159604203246722
18806,1624838400,513379.7249888556138066661100549236,1054171122.335403626431912573177468,0,1972751.477608093751384984272776617,2091692,1531703017.584915449180457564145563
18805,1624752000,442717.0527219064982986405652341361,823577715.9427662865515041163510549,0,1569585.023507241452198256534887451,2039895,1487679715.513524455423154076768122
18804,1624665600,486801.5183426310101595752086580839,865725159.730327693025628830019584,0,1580053.422514467738595869600122608,1992340,1391533769.377393718678875940804846
18803,1624579200,490744.5890010690649641286203429579,922586448.4245756083485047493951543,0,1873114.483176774207215274868086543,1942106,1419655234.955241858912941487908591
18802,1624492800,389708.7968368652712855346553920458,763674850.3490981930712991870299826,0,1378221.610294817680984069221905604,1892621,1488971819.177028846824745036846453
18801,1624406400,475877.564595833718107974932905883,940275702.0172509999198683130374091,0,1874869.486287521422008645554465364,1848797,1518896497.454087867282056734106678
18800,1624320000,728653.9494341262806229842618277539,1357164244.889949383736851575710375,0,2939073.769091224933120796057630535,1800629,1434831932.728897113807192006716603
18799,1624233600,820721.0575866007805974165550350158,1643714154.02805406962718894770109,0,3405817.930857974733166756587157943,1747437,1405590602.106436306465951523004708
18798,1624147200,406778.2007333374416409723487006603,877869452.594847545549486197452766,0,1745850.750167830032794744756805846,1692638,1657478134.996101890596362093471484
18797,1624060800,293453.4305381068673510743791242848,652961663.6758877151590935462371487,0,1260652.678606074463860849805461946,1647105,1609264698.029358773722323693680215
18796,1623974400,397736.2648115102922010503016117298,896284287.1413877242605955453840878,0,1734435.649629574825156464096507902,1606660,1626340507.034904886417645656760728
18795,1623888000,299247.547573050496042568441142815,713383011.3672210210070752691759332,0,1416117.440863257477214836201311528,1559675,1674917641.277824073029048702940766
18794,1623801600,309000.0957158902055705451379150333,758821385.7992843599637127358817142,0,1648352.007905401397961057843140526,1514124,1663086547.194703028346375567309557
18793,1623715200,317052.9303265181569747491512882554,817948985.4312669962164736739563073,0,1750011.554836368527894191871248838,1465676,1743463454.906519122240607538677925
18792,1623628800,325261.9141579055111667549316507211,823260678.2476010664612412628536533,0,1769314.56328734543915269205673094,1418131,1729515145.732069062041387031231498
18791,1623542400,335288.685612202560498663877479223,809639648.7395751392183333587834772,0,1773578.484989773792450706052964945,1375009,1707764033.705383673419154810006126
18790,1623456000,333510.1420615389944062595161959191,783528742.3123025737745235674849342,0,1732173.492619766769444490493247267,1333628,1597849203.487563093025530821692636
18789,1623369600,349562.8726691128978907615829166922,846616498.6485595037397350426514491,0,2108183.272743266743270414933109406,1287992,1635435171.868720835309823740621435
18788,1623283200,348348.5643465454630651885389657995,879619010.2917683422357800537960804,0,2192664.302450604805406847569068772,1241819,1725988745.676674762942673066702617
18787,1623196800,484871.9791424026607097189078619236,1222461939.229962600235992114212712,0,3027379.823487156612131271693804088,1197780,1772458925.631533989176461199270604
18786,1623110400,544353.5011549648443243667936249394,1348186868.443972994384975279615125,0,3345753.077594160392302034740204606,1155711,1694330600.423592293198766857427694
18785,1623024000,322892.4256865510849093844683044318,879729300.6779121160753696587879737,0,2198532.318285251618343755611072998,1107096,1648147247.373480200487260625835185
18784,1622937600,177680.3526729405568644625714534031,478154790.0882235490419504009050915,0,1265778.088375290574625035501470003,1066550,1780506148.136459300828680661603291
18783,1622851200,298459.1964790610329657485739669073,798045286.8680618437276405333611353,0,2096614.357007344755272673086228447,1035285,1734698768.330852651512579254890791
18782,1622764800,419561.556963764748472315674149905,1122355823.619713448351772227978089,0,3121174.928428239657337730868212124,1000630,1775244872.155198206669015593546515
18781,1622678400,308778.6939641784130294207706161725,865257593.3989282022663678990692345,0,2099848.056263811201428589844602101,963690,1836895987.765944137374307447634759
18780,1622592000,278451.5925538832172356023365679747,749057280.3538050577161302260690961,0,1964815.638869528946250118028179081,927413,1810999323.192385940467525102206084
18779,1622505600,360677.3627293879072062206523926409,943452421.846119037661964768477713,0,2444659.308699082877306880465220395,895171,1783751461.014934689138591429314919
18778,1622419200,434651.7836957954285657031713247705,1086718590.968769327502137488271721,0,2875752.295177690244600899508383601,865775,1787656174.707381446602698456410681
18777,1622332800,495083.5473495274152929048283982815,1164197414.194217035671861907405118,0,2991090.968199213497921959953335748,834350,1629236426.321178901954066731976048
18776,1622246400,568571.6907677682873848696120108049,1349304146.323463751904525137550907,0,3709540.15026612098185438936091706,804077,1518794194.136436770199242397821369
18775,1622160000,565809.2136068018563802067355979935,1425268199.699089762386774123559293,0,3807478.217072159266638194209661738,774012,1557613038.637337198980569963355122
18774,1622073600,424527.0766458750853373003882968537,1172490089.664024710710232662816062,0,3061143.525716968261143815638542059,741886,1564092954.894796351153061838690638
18773,1621987200,525485.8173850951075759836991942971,1461930432.103001767397148728566117,0,4195305.841341055797776289458473007,709200,1590825371.956865193152996832672868
18772,1621900800,599420.6230442671709189182599512649,1545872964.239838907006620247884238,0,4219739.635354245377719538106951682,671495,1422422308.436024894323399567269191
18771,1621814400,706629.588526279010056869984379568,1693504308.460094901053628406884701,0,4617857.593242565908680261942575147,636430,1236973691.506868222493486716965123
18770,1621728000,941083.9449092404306082162991487099,1898965249.362044100385328016254584,0,5152466.050033418106264977554972589,601910,888251156.1198253166643237261085627
18769,1621641600,518630.7790109716016616304111086234,1214496389.289899861266196194765122,0,3239013.812391956635415659655003269,569416,927641381.5781426565445489497030479
18768,1621555200,638833.460614924809314878312778199,1598843535.140372796229124254774807,0,4597407.306081559389238079326770376,540726,909164630.5336971200176448287207703
18767,1621468800,660250.7034745526002323996963720509,1763438514.75472330165535217453993,0,5083088.61661881122419633843032763,510321,991087152.1178010068640552054973443
18766,1621382400,954678.1294341750013201059951798393,2622671856.041732853348322125596325,0,7161975.278809715989808634034970729,478400,789528412.4809580454517323608816548
18765,1621296000,354568.8141798665211260545949202261,1208439360.639241305618755484940528,0,3199619.304394733931131377640981681,444725,1101650502.332495616062632620596201
18764,1621209600,427967.7964719043265431794187583444,1436878821.22486029388109968613723,0,4110804.758850420394409136971449135,413311,994481482.3355996039915161860603533
18763,1621123200,318419.9267176961521787362067487795,1144129377.459245697382883441820803,0,3645149.223700777663506728103503574,380906,982487615.1459751112896930027535276
18762,1621036800,216988.362261240739362835865345835,836902969.384584962187133924298152,0,2790103.357987312514197060768065808,348645,943111841.3797591048297717718896629
18761,1620950400,206098.9133545621931009281725897646,820861998.5243008679792198082355742,0,2618064.665256720983628024004610031,319333,936761886.0784866791809333727453131
18760,1620864000,405555.2971707287049321891292661807,1538035828.287712392896740526075009,0,4914221.932086679878810759692595968,292917,884769326.6420036532813857069395536
18759,1620777600,286347.4626204228146718504996843823,1184967443.520775031705922784693812,0,4348792.984978941059795436632259594,262442,769047887.2370969070878347499293572
18758,1620691200,159105.3278712332769954525051667552,629099445.0712080255914596877220469,0,2394240.206942512327890340628474218,233637,690493028.0188460832757029026710545
18757,1620604800,193794.3614614108199248581437265508,780960387.4400779330456238076934576,0,2990210.602808167180918671240724824,203900,541979114.2580857359358426442342502
18756,1620518400,119522.5824127388473961467688337544,464444089.4203860545372520362226197,0,1870426.41915935285571496242985621,167009,561672460.7389833886812662223590264
18755,1620432000,166309.0606007854761650819080026644,611605135.7291924995682510835355513,0,2897140.569840332032332387246802562,121889,528578351.8605634567745748589260734
18754,1620345600,101060.9606175550361967869949119173,351857509.1959830960499636524930128,0,1083902.032168967097814171542169352,66007,489084909.5930305762389023137591459
18753,1620259200,60234.52373869842818131442212194315,210288439.9664867616678957760384468,0,641889.9601302322380433847619711414,30386,347701235.6473981317856372604332833
18752,1620172800,4895.830928200843333944624832909893,16986131.51767364737562504703156154,0,58694.51906194287468267995549336833,4679,136909218.382147556967928104808136
18751,1620086400,0.2411882618114587570748417103058483,0,0,0,55,0
