id,date,volumeETH,volumeUSD,volumeUSDUntracked,feesUSD,txCount,tvlUSD
19260,1664064000,41808.96984756841540054928614069313,55246253.10123311543487006944284265,0,64983.20993309552086495656747326355,20552279,10504721785.33476754884267158424524
19259,1663977600,411917.668920571420170830294365871,548059851.4982977532110679378439496,0,607927.8985586753817325945061931862,20544737,10445415098.16606953531631630606567
19258,1663891200,684975.3311218756633673456120045697,895732932.5320392183943394108234407,0,1196517.894051384910294894360261242,20497170,10500764534.69024577146600810209887
19257,1663804800,677680.2525415679185679451563958968,869577845.9258006669805956222923204,0,1122297.620916022671321777081253503,20434882,10490544001.69283982875454940389994
19256,1663718400,833642.4632467218565925091173449278,1100907057.866486558540979049417866,0,1502771.602234087556472982341012162,20380129,9906515571.516406653776277337647054
19255,1663632000,591287.3913404797180041719581382557,798469129.2650919530909301356046611,0,921279.0084503135430021511319147161,20320696,10380615682.18416139106460153257958
19254,1663545600,697530.9447051514800439371386718353,926680318.6769682426998339406443788,0,1154591.025574601760818055792595689,20269769,10707832977.33966695988233276503244
19253,1663459200,404692.100219272434291384133515293,564883004.2732259979970286854800158,0,790485.6387412667889777626237352408,20205529,10393268507.48146761264495012965867
19252,1663372800,318818.8855416650137494715034828732,461053628.6232096356908469808138084,0,589916.5873256505776669030106114867,20151336,11207678053.66141948341518561897289
19251,1663286400,581163.233726830758721880301528335,839677120.4872193758859700718296498,0,939996.640065253015526469905716025,20104034,10940272560.18378906742915726644841
19250,1663200000,909855.2954124450884904755939796625,1420416674.302085782375481087302005,0,1707466.305910510341822636730302955,20053524,11122637858.97298447942407562979973
19249,1663113600,731742.8881879254783608592926719766,1171051870.03929066537795171651929,0,1180791.471696549086034907898897552,19994544,12010766353.74796025351317794744873
19248,1663027200,1050574.942604595135629381215430433,1733501165.456274238890291379900174,0,1901312.728255429947066209091063439,19941632,11745177690.92687534201017238803183
19247,1662940800,588054.9510577121369701022656059569,1019936616.903461367977037291546949,0,1105622.014110799998426109983813296,19882258,12633855400.61450537352038002165263
19246,1662854400,384791.0921078815508141320243535316,678554089.9166549694917570502382005,0,784988.6685991925529055505071096372,19838219,12949635006.35620843379856077342794
19245,1662768000,449491.1617492618482701658019333111,779143053.567724380946724939711927,0,825827.5151902110648211266214351946,19796024,13123196210.50115288857680201789722
19244,1662681600,619461.517375570154507420410497976,1053911624.009981599848871422442858,0,1262655.739016096928242487486294158,19756873,12759694073.14906983657127280538114
19243,1662595200,576142.2357334336220457626611274368,939146116.590671266774377738442448,0,1193857.198532043424982072551605642,19713491,12243231398.25758429810273532410013
19242,1662508800,815779.1529422053845889909732129685,1265467791.690590580172194555772165,0,1417864.887261377048640475343012903,19669555,12201935630.95303693801111551517446
19241,1662422400,822859.9943293088099841412330210638,1341786433.440370609847756327055346,0,1506562.124402764222001780195203411,19622299,11849809487.67034311653421438428857
19240,1662336000,484745.2889921960555642808407617654,768445212.7801756484689587935329911,0,865067.0603283051131032626301101828,19567894,12265963473.42692867705375348105545
19239,1662249600,360025.7933281023445304081453358505,561642977.214467486151324985319255,0,595386.639647435053282053601305778,19527211,12081168019.30571383839638991945909
19238,1662163200,373444.2094344634882599298298842489,580936543.9558438049573702146087907,0,685749.5846887461168229164410905796,19491294,12048380675.65290621896707897963932
19237,1662076800,733540.9240970193725016811870157474,1171132794.136101866093054335101976,0,1476692.467848976528925921559358817,19454318,12159606272.54088598546281110957271
19236,1661990400,683101.1426696717405384772733538115,1063476846.557090268630401770792933,0,1231793.444315630008041750740780051,19408376,12218214283.77201327917235749898077
19235,1661904000,908195.2289705089038275877440093387,1433470675.278324794972427603659657,0,1590511.435646383221208471820108847,19365489,11944554319.32928820083815807756885
19234,1661817600,843779.26704246267265930699591388,1306719171.505573065641879163210608,0,1534762.726049854711538312601500526,19320900,11822744620.38171282460027739354331
19233,1661731200,729409.6259472904900291999164272108,1086435944.999565460247763243508829,0,1187956.027929253120189244715426522,19272843,11983196461.17772670828186953368171
19232,1661644800,594025.2007182677618140087649136246,879921932.8595626460226378160943225,0,857584.6764337523019084322301190999,19223366,11127782065.25226845065307298598064
19231,1661558400,625824.8778844169378397076711451638,930749617.0720579772646256556417752,0,1041993.044711445280561375254659038,19179187,11526202859.04331993403880247601187
19230,1661472000,863956.9483297848769429022757926872,1398060252.274664758379662902015497,0,1847662.075956234914812274625232188,19126772,11577182109.49770960713664690820703
19229,1661385600,465958.7465067087885183974463247328,790241439.9856858002079391486077753,0,1087237.447745862379599986855997489,19068399,12702468337.96995964016999124205713
19228,1661299200,600141.6320529782374887670606469727,992070602.6402827149589017549891552,0,1030426.514697490284563245089334177,19021313,12458973322.35631544606823759053103
19227,1661212800,910047.8773602337845777988115453355,1480553310.208219912004567427822208,0,1443467.886627990551017028451387943,18981141,12504255150.52916791634631372965213
19226,1661126400,724830.1083801337058765654233375525,1142961554.421611069844967322966951,0,1296879.620928023169440606483742495,18936175,12239022901.02563549839624222433164
19225,1661040000,669876.6344043617472071967237605975,1078173182.504649271218139864039951,0,1237407.737308437912645329723120297,18891456,12289555655.04799124140211378089405
19224,1660953600,806105.7572046695277204295017411106,1291974509.070281403207579854539964,0,1232171.2794624759096854932691721,18841366,12003712998.21313418959688959456715
19223,1660867200,1073887.267429643753960799456253488,1844979128.70133825008563455047799,0,1903490.461416465372094910119264976,18794401,12235416605.2696713735785852875643
19222,1660780800,455861.7819977767479884745000919623,847113478.0078569975504622088218552,0,886031.9408437999941356424952318813,18735748,13688940956.12191167304187121287446
19221,1660694400,737824.4833921255865171691596202988,1380360014.681580808774451270336468,0,1457854.71008292155323752143248967,18695962,13612788724.27943268260812897857988
19220,1660608000,532300.5089924066406105358441600448,1002232490.338755940710987458870345,0,1060242.197255230595452441092130036,18645913,13880431669.86921331659462914658915
19219,1660521600,719260.3192960785554881871863329904,1381564377.750655865925963200786238,0,1486586.28539900742929003566358356,18601565,13995618034.68265728376843463212394
19218,1660435200,440797.1376771292447494747912976344,868451959.6369670908397169348202922,0,1024961.8270649693776252927991252,18551434,14243353340.89210818072314991648065
19217,1660348800,504051.8222180050762243486877047392,1000869773.152037683557809327373602,0,888449.4318356459659336770172652541,18501343,14543975475.44230578509738726579098
19216,1660262400,502798.3885682032583953313660718322,954425103.4770238462068267935572192,0,942886.3649865779897079348363188993,18453352,14445806617.04463807599113217388841
19215,1660176000,880558.8889983807540446771655565114,1667367892.162494744176690707210271,0,1538596.954691521706589110499797534,18413570,14147958416.47920629244778667948622
19214,1660089600,882015.9935563265347606526851655204,1570073227.509687069123517090639711,0,1712801.852608615248805861021242786,18366829,14071594276.80276926367520189030454
19213,1660003200,675818.3862955880074985941658678936,1161622289.330772371924883601715144,0,1116704.509627841246609317715323787,18320663,13148967343.44879894872348501038676
19212,1659916800,660749.5715659191066618669454679959,1164425847.963920878507172559135374,0,1233073.246557908545074380677499845,18278045,13561449743.39558573992760116074504
19211,1659830400,326503.2851585926775155637372926876,553723874.0346280115767768822042197,0,602689.0658301557976794724201199657,18232084,13217647772.89633843557973512161037
19210,1659744000,334939.9527326049661348960524618817,575824547.8204645889525593138439693,0,670256.3172573262133846667698305746,18197940,13198758846.86190338145899786445315
19209,1659657600,693941.1672832674335656846573824602,1164575907.534496548560710222016937,0,1352485.14281578027904753607855168,18161056,13463833228.03220513253392764916881
19208,1659571200,567633.5517044670063220485022883873,920321074.4119679928207366878750375,0,1092721.570900922095833140889275134,18116689,12638660577.63303296671066562770596
19207,1659484800,585933.2096699731485398234451634116,960068860.2947616435630220406712252,0,1118493.835382910809266247386686305,18075212,12642380072.18535554615331675228026
19206,1659398400,902263.8692805095861140683278262276,1457498008.152358186074343921316863,0,1677313.715652808713457320483998811,18031927,12692861308.40355197424959065212218
19205,1659312000,674240.0361728764886221032369583885,1117836180.883853557961296262376871,0,1249281.695316968572745425535761112,17985601,12821707981.83398843131348981246168
19204,1659225600,477759.9846261206750708469724198843,814707189.5587520572896412911206011,0,991236.567797452601141317920197849,17944098,13117597211.10170456085673591852557
19203,1659139200,547813.9071999055932621681415570768,937203375.2177831748916162021857011,0,1141761.392126291992440560027195888,17899010,13179152742.07905444296463257415828
19202,1659052800,825273.4990990489160159539007334308,1413299605.437033465575713106803657,0,1723702.981689669050141792499321449,17851742,13359219329.58835136882141097190762
19201,1658966400,1046050.165305656673503175090149933,1752365238.841113002736745082604555,0,2062105.63194016236239708798154554,17801378,13370985229.77030390679905248119481
19200,1658880000,992444.4839539579763083388537286384,1505359957.71766652344221912218093,0,1621700.022085093045734376184793938,17748920,12885164154.22801703331939885337954
19199,1658793600,877479.4842101770529339058223893653,1231597865.477249055969732363675117,0,1250285.081469070906835518415962814,17703537,11752360749.99598786921394051734523
19198,1658707200,854150.2775936981875687587352791904,1296973543.645814048755531996494498,0,1412540.022146768162128462890725498,17665257,11543840015.33943584090883078159038
19197,1658620800,613958.2987216579546540384416328601,981745937.849967115078918957059761,0,1078942.487027186643876430575838825,17624535,12485923724.25799618965293907686305
19196,1658534400,576880.4913454662365510893131793965,887920686.4388548931930095621402058,0,977224.7175667153164656215344615571,17586346,12205546251.91513696565475967711144
19195,1658448000,694685.8476820795927730073176743923,1099331880.244301635716853928572632,0,1117055.424278090475049889819001537,17547458,12036674199.97375639439672616005904
19194,1658361600,848514.515072786007300034764026484,1289231586.684260732136666150444615,0,1375145.000382102179622288015780426,17507714,12123118485.16937610346868158055296
19193,1658275200,1011778.592349637901561955759094348,1577397000.831964148891748703991404,0,1797972.700029376576767306137384079,17465070,11845330628.58850749513192652781282
19192,1658188800,1202829.727292730109452584682296069,1859972455.298477639219514293021413,0,2113943.590572208707535725731727668,17417625,12008646056.16792343959860919385879
19191,1658102400,1160265.805443155312032473917328613,1697127008.182270314863853051955817,0,1985378.699079786561970984157113289,17370024,12277161693.70405732060278287339758
19190,1658016000,819661.8469472950574075935939719287,1109733189.596699682176050420617718,0,1322690.964553780871026629632916456,17317552,10674425945.96785996226187343192005
19189,1657929600,898389.5035481738978712199818639542,1153262847.334611569874897421263696,0,1464864.28124910626626510298224362,17280600,10643407213.75245085199839065216406
19188,1657843200,1013993.490231342410490640460752025,1241793988.575893173964632693834087,0,1405199.720671365023651780359448675,17239724,9881635405.567244698436892771655406
19187,1657756800,873925.057029679218376154659683606,986717122.5652263405692865596327709,0,1192185.420793819306304733752676045,17202219,9617880693.575625705912830801353499
19186,1657670400,1051352.818544156005054771522174016,1117114138.214877515426880555871921,0,1368030.440315551460071667050419638,17165578,9145638504.624748182480132655952552
19185,1657584000,828052.2273486427313947659675997771,885616162.4446384964120590977554653,0,851213.6234567036771102724604841978,17126866,8681591660.177285967724463648978409
19184,1657497600,720547.101822733662778549146635144,819642766.394451728499490015997392,0,929642.5614671107284726145960466448,17090133,9054096599.247678397937169339448581
19183,1657411200,614653.3150963761027260995570617624,724211454.1899922343828492675328718,0,694676.2616560864517320581700627389,17055103,9499743140.421280059087918738244999
19182,1657324800,442198.9514874559085822841992960063,538140373.1754772214210744805757292,0,582854.6638218215431103394716464757,17022369,9915499309.078729120784472025842081
19181,1657238400,968093.5190372894737107986938865323,1192018653.229432998785931071264602,0,1329663.365343718882673308012511051,16992150,9849262541.164567609971727059126805
19180,1657152000,783001.5801614705082941383953276827,942670475.013282401973304229520811,0,966284.1537311805851230815118363945,16955014,10002521950.02074993543028496562294
19179,1657065600,1022605.808110844244686540592576021,1169030888.609283670665692743038199,0,1371456.860729429021151782083748823,16919129,9750029034.197979858635210258430713
19178,1656979200,1017864.171744475344458008540351378,1149134854.631741809527471636317783,0,1271691.667575477931226906389045616,16885124,9393881458.49160968771979439499803
19177,1656892800,855948.4196539508602275266146093329,943539514.8225360579735229882144652,0,1088237.00641523589954409189736264,16847691,9523284166.054844727849647187706508
19176,1656806400,547749.9377541360960732397878164877,582436285.2502769032864980268676857,0,706776.5507818685681696576851623913,16811969,9025598297.924308458410025992459332
19175,1656720000,597999.2432539486104894983599194213,629211348.4353058611398692139329937,0,648743.8469172187222258847139420705,16780017,8967147115.884302034706298818864224
19174,1656633600,1255375.459604972197545944065198761,1338706512.410653440856570105458542,0,1512901.667356164938198473577421449,16748085,8866188306.120148831810191371778415
19173,1656547200,1155536.415873127492674785144003238,1202497274.45999134437327128979769,0,1413429.766122639969911484518198758,16709237,8924247422.98394765523712178604668
19172,1656460800,962106.9403427205493522214214287376,1074902244.87380037808755480473097,0,1243340.464678168156232399082559059,16670765,9012104110.998173339128569465513821
19171,1656374400,745409.6736558290272003247388147061,883404019.1912516560021124502360303,0,1138953.900983004476449837954798147,16637006,9311653644.633358691185874139598797
19170,1656288000,569579.8302704391171395648864142532,685883482.7863753930672338712914175,0,769050.5728314189567889053947205351,16605375,9630635045.435569061077050543720179
19169,1656201600,577548.5676426613515579096012639999,711438376.9550433175915894194932894,0,998256.9013692935695769174220864395,16577941,9646095881.913813012869531428523715
19168,1656115200,550757.1500864328253547756757348915,670266283.3610318533455177679473827,0,917828.8905306487157855775922752005,16549392,9898987291.706123766592619300750343
19167,1656028800,948016.1014556276968758315932230052,1124935731.85117611176875525142906,0,1381608.349961958100706474580911123,16519784,9762706720.800018180433215273104875
19166,1655942400,1048795.674362439271308466837892705,1162900298.298965236608493207737967,0,1380457.535171193738814333994199085,16483849,9252021034.409334395756301432238132
19165,1655856000,1051810.378188908697241896348077928,1140638763.011587922404815696114458,0,1438548.039056951777715363472282457,16451740,8583807441.146847671517220928507851
19164,1655769600,1144968.244219660116311785806923803,1312043103.671118621881346729858848,0,1649535.854492896379197698744368028,16413536,9026742339.982334237624069197373032
19163,1655683200,1441339.85758285160022831798351526,1597854184.393926717086428748438135,0,2062753.580535785358912115269557561,16371853,9023904944.178130594686196300898305
19162,1655596800,1794213.503218222703785014842940766,1860450300.322705509948077972964964,0,2332568.895252638344506047774185182,16322807,8947064037.327297754105765071333952
19161,1655510400,1989122.627604825299990872927919207,1944939282.192189480954246426890825,0,2419255.553852483086132008959671307,16270318,8194329919.251022972096224715864066
19160,1655424000,1302377.287413924658749369127130762,1412023787.928405484082135437278546,0,1712752.762087685500343346378505059,16218001,8844019335.208433658261417891347076
19159,1655337600,1523392.082679784310178708855052335,1741088598.647687953541588067268745,0,2088299.49423254398465410980679492,16179769,8636081431.470941099936750260152971
19158,1655251200,2843553.243362523805122961619620717,3224551144.910350865514841485485638,0,3955395.374317200586191013745964082,16130962,9557774370.936825082115407942944179
19157,1655164800,2387490.214670005682348589368167246,2823531297.534739246116990336759885,0,3205599.094738890105229292153309351,16066365,9358447585.927321260520024981334526
19156,1655078400,3183486.100873874731943547015331989,4037967025.06932189631561803963084,0,4442113.650843047241594690577576807,16007113,9364717803.891686034381365797123002
19155,1654992000,1179488.191589713253669664553685403,1737877846.515933375121079815981052,0,1830321.132419069849667384300465719,15936843,10800581751.33615557961862036247019
19154,1654905600,980355.1138499194353404997600836345,1537878352.009019679368732232600123,0,1719038.347364806204928824484013117,15889176,11447322329.3903932583530303296115
19153,1654819200,815411.8616479971618055853714714573,1403555945.776258253195495952291562,0,1500198.46051713770078940602965228,15847941,12351956039.90624275794815902005446
19152,1654732800,409194.6422998840625255032639259869,735737582.2396525628755038149120926,0,880231.9003139656803051851052864745,15815030,13091161275.57908475403406933619634
19151,1654646400,687013.7573599649279734486384530846,1238904113.002634548489825958772551,0,1394117.63697598554265870443411412,15786445,13164280929.56198969728387469065983
19150,1654560000,886883.0242481770411894417045449461,1583369574.605924498525395440300097,0,1804572.418804897199448404203069867,15758970,13216768958.82962019614280765746535
19149,1654473600,549370.3811077151321544886123463058,1029514774.951005482805500028239653,0,1172094.277631142323230093246618459,15725276,13403894220.30193036915982671189468
19148,1654387200,357368.9182668794858104416683785808,643546102.0993645307254843506812252,0,647295.6264842576634501690882129916,15690923,13042080235.92375389895353721376052
19147,1654300800,376469.4629883665705855199698055724,668686701.3620724396952504694255907,0,724772.1602760973280868717433513807,15664544,12976290805.54923377123807933746575
19146,1654214400,519654.9652284961316728177280564333,923851000.3832769010030636393664844,0,999830.6213580888663302675888779999,15638835,12794506735.56029151946654880730424
19145,1654128000,608405.0331966585132620655747508218,1106186177.992603171438336500279227,0,1220010.812128860468215365415955179,15612432,13155298872.35942351261635046976983
19144,1654041600,712199.3537206243931186367176601216,1337660053.652405255166554833559983,0,1411396.659091391230033910177157631,15588098,13000330799.65677939201397883488112
19143,1653955200,591934.6383097326560393713034643302,1164706618.558029013156968835000875,0,1221220.902109616971776623934442276,15558071,13749187404.73622660879699335327881
19142,1653868800,816378.3261443554538752876814408705,1563359507.380162122832750530575439,0,1658865.043152026262416306158675676,15530128,14018807181.70780329769838971685756
19141,1653782400,327892.9372517126873932584173486273,588422983.4024793838602021511281771,0,624272.8552756433004051562799985509,15496873,12933471426.27742624905808449398914
19140,1653696000,584811.3944073604065514157061290414,1033025551.621908540826049516553501,0,1061606.333604311781342485852153072,15471554,12838565504.63712477424634862361227
19139,1653609600,1014195.665889885776520204216371387,1785560181.467472121242220463781345,0,1862536.163509589037689265937890017,15442596,12349881123.65060816654341928082861
19138,1653523200,1210275.040077292621315221127954502,2244987498.322899989659792301783147,0,2546989.283794278177903302356150165,15402365,12789971161.45060509966105685933912
19137,1653436800,575209.4225807525514664931623161357,1132122924.253115719074605490823603,0,1186809.828299325321818698057871384,15365488,13672527218.52534302711015210539831
19136,1653350400,501983.0430630191009248774022840535,984503880.0042605960804857440868072,0,1184361.689248944506965833369866254,15338711,13898072912.85387532926462557113827
19135,1653264000,644849.5335622917318267419349306866,1314557584.830242104048093299010926,0,1555476.805126234065123379258922098,15307013,13814705058.24605513996531330351366
19134,1653177600,380784.7700316977387026577286602797,764582768.9736236890783379120012502,0,1013000.778125756875026114999808911,15269865,14248979467.25020523887955418133963
19133,1653091200,338010.1131956472784523741329572429,665093408.623678735783506185953905,0,685501.1047770663294179139576428531,15240504,13794871888.89270312675588421831057
19132,1653004800,672392.749332792803998625306117428,1336759841.691642090109542140351955,0,1385241.373167898648494156858167697,15213652,13727269044.19568732564113872646549
19131,1652918400,886015.5348436795751045561044516373,1741366739.774744512599078458767026,0,1989413.806122057916677660649197674,15181855,13961802008.57402927706875810224997
19130,1652832000,726572.5850915396909439049235517236,1448105617.037860005000789341461778,0,1632146.045648595364337226228008686,15141710,13141781202.63984207698261031225892
19129,1652745600,607239.9108072493030455648533636616,1253681134.012307630320963750584364,0,1554272.571563507074378903302987917,15103092,14238102612.45230384562571915476166
19128,1652659200,1009619.220966027547324599168450246,2046114460.224089932512363448951838,0,2460696.497775822815060956214786899,15068086,13772898475.10031540402181635858609
19127,1652572800,540890.8468321545048800507786202773,1120414190.934330244679142922059161,0,1493545.497869963568391448899520404,15019627,14477723402.43186837332585381046344
19126,1652486400,715092.5384340606863985686681252685,1439123566.178080949668755657257056,0,1869044.161547061067781649926081014,14969320,13978681972.91554603848150367452003
19125,1652400000,1197153.517057140175576151236748293,2473523966.553814730820681277584089,0,3225384.67362928624969578786187592,14903775,13652767624.95822474172502087637681
19124,1652313600,2732736.765847305816030154862526956,5223223442.624798471302454026301454,0,6820871.549445839143166287180887721,14851864,13163366559.30994250837307682538281
19123,1652227200,2225730.332695339540772730913785038,4990569642.979484688289577009642467,0,7105098.59236618526677666352114009,14789832,14077523733.16903411582434261565477
19122,1652140800,1303457.093559856721493988255786098,3062641122.202426132653276605412005,0,4060201.154359347421464142496535424,14724992,15846823003.74561573665670485228089
19121,1652054400,1492847.767288896538319214569445867,3527336847.825700491793116573892345,0,4180642.785786343052466610005535265,14667707,15225643176.80453393484327478605618
19120,1651968000,793483.5407793143591868640173810065,2022447693.962078657951047385805191,0,2064553.265998641595377692085133537,14611048,17091101743.57680098518033610460667
19119,1651881600,416569.1045830194382870668138092264,1109053566.921936221767381310810829,0,1311701.714354472540703564629563373,14570568,17867828384.88039249769010432042394
19118,1651795200,798425.8925032136929355270483950922,2151038192.655803999544137026738793,0,2539704.639982365720234006508085843,14539433,18165092477.75569324946715489879715
19117,1651708800,683692.4833757066788246891127813224,1923420119.349269031936214384358348,0,2228742.785160006862015308581252818,14505536,18384861300.77233746268834563882408
19116,1651622400,594256.3028776863031031296775277539,1703992307.022027988184467062791838,0,2054113.660519533919028061982817734,14471487,19536707297.15513830414281252129593
19115,1651536000,494780.5594480487487488282874144607,1395464282.911683724515607464931136,0,1424773.083026525211132706453320268,14436637,18596907947.54885295521455828885263
19114,1651449600,532260.8233452611344539566890396104,1505522550.55105818886366342414139,0,1929659.514734954408475003663674942,14410825,19041882972.48223449743051190010446
19113,1651363200,592484.4035244988986841479296127473,1647269635.813993780920324019396337,0,2515131.889355764492390074761357767,14381273,18839917049.20276138818761707865543
19112,1651276800,699805.75430407519678594052497938,1962678497.664882733575370138247586,0,3367186.745553514795643418129495885,14342501,18230616521.70181208508710239609066
19111,1651190400,616670.5983032835011623030326553498,1770071416.736590790939127543017512,0,3193902.789467608021868295709297241,14282012,18774416166.47503441429320450113401
19110,1651104000,592805.0369320062249471761043949459,1730687007.580413879226742827989663,0,2797732.575726649902913682228066274,14227310,19504166050.06656572686649039781817
19109,1651017600,418277.9200697728224022451162649075,1198360253.373600281902621349066112,0,1614743.911608231868097401883123707,14184193,19229812158.50129071891159871061079
19108,1650931200,497309.5188641698702418141445638397,1451415499.46490261963018299232112,0,1997178.148839099353851459156279898,14150539,18701309740.27466117145798363550668
19107,1650844800,520031.5190110615584902966728977988,1505332300.38159433401115348903104,0,2222385.284847040720883254500565877,14113606,19955593468.46298339285424337728618
19106,1650758400,231331.928324857565793898257059366,680606028.3834633914879593825119909,0,993828.6137777989608380676924984559,14073479,19403810030.42655328155948615072285
19105,1650672000,218166.6633472983110674164841920149,644894525.8480668914609983065734587,0,1161080.884727100182320092673408298,14045653,19430514947.13269536463322316680119
19104,1650585600,377522.7674239380397881813811510254,1125851587.033142472421568409580563,0,1590087.607406116127448194557584177,14013930,19599201148.6663403077103699956071
19103,1650499200,483397.4610079109020307012782423254,1490218560.481914165562633047910282,0,2151052.697982405341006455242830713,13983165,19763616772.36667900562332595003838
19102,1650412800,494304.2432552382488701400032953708,1529060911.778812935157773597868306,0,2417065.34418643884416112726002897,13947525,20362265828.63961620014334451390023
19101,1650326400,374392.20007879988817662186856054,1151959604.021084342700903218769506,0,1584030.098866599209245935748582265,13910841,20420053100.44153733772520836183361
19100,1650240000,458636.1518399411104381943019179817,1357503803.058918989063016124180164,0,1795021.071713298397961324964283338,13878312,20175422663.58651280381889890719159
19099,1650153600,353783.1949672294293595483549035555,1079340735.991975844220289071763299,0,1492061.715046953101933057094675179,13842575,19735940435.04138895385839346946891
19098,1650067200,158768.3643623470940081262558968169,482194273.2643130605631824538254602,0,793509.8872464165587207289847208007,13810537,20218551477.18821999829884099629417
19097,1649980800,312170.1901034764836979775063927423,944905458.5576272203456223298465243,0,1191836.115824117058765603114175538,13785140,20028479927.53492568198692381908852
19096,1649894400,432233.6169579531941433383342728917,1324444369.363787977390170488921457,0,1746022.93241628487862798723906292,13756996,19972847504.6740861204980581136749
19095,1649808000,501517.1605416210913326190107253265,1536037198.166735471190382920450697,0,2022250.976790286774027315823353637,13722690,20548227113.26834784177423290505879
19094,1649721600,649146.361772618435794017838135409,1960281428.519215145018571435021503,0,2136131.842611603084740249727112615,13688584,19985177011.19303811000850984549805
19093,1649635200,853788.4320441896545633955707979858,2616047079.898144841707160740982578,0,3002258.20376702312548986486433707,13654031,19673890776.51626323803408886694727
19092,1649548800,263673.8540960130749192375540437038,859037701.1855103816070228505585958,0,1245175.438575103394313719168930106,13610363,21156619335.80737350237692081264932
19091,1649462400,289396.616641554120361112417832116,931278951.0551846397173438862884467,0,1200406.451097624976442172600113089,13581553,21472986726.875537187980592751578
19090,1649376000,566244.0379425384545259851044306434,1841952515.743440111355361620487184,0,2258229.947046578483042719344924041,13553264,20935957805.93164314802008423836533
19089,1649289600,477099.8861263229073471186412968182,1531506874.205693844054849025157877,0,2037677.692306261116832742566903773,13519520,21362449289.37225992755411531855241
19088,1649203200,720107.1460091800080799478438973593,2358618872.429668859829948673330186,0,3155524.875041899417832589995684864,13486835,20958835258.44177057317862497627488
19087,1649116800,420725.1298833327892711674939327391,1464584802.163825223218283602196804,0,1959985.279465707863487689189082758,13446979,22331897706.43430544568579182907534
19086,1649030400,437570.4951832080896003311893493296,1520702455.302547267665191722372379,0,2162440.504566291028054913081725617,13415482,22971165145.91643558295606201717684
19085,1648944000,332496.4752800170001772033901855583,1161817279.77826755073221535785241,0,1846834.269497705853935866909479767,13380959,22951890494.54817758274053743336419
19084,1648857600,445234.5001954247289905953559895921,1548746767.097978393444853615983895,0,2456285.114036949440546759622940459,13345921,22470952079.569460321048380794763
19083,1648771200,507149.1849647684633882605894451759,1698744353.223603102138474041571625,0,2698055.866094391213978817872776617,13305761,22492418062.89148823088819453646588
19082,1648684800,482297.5846617735731811268364928272,1619719752.431731977760323621529145,0,2442526.710442604359107000001156767,13262395,21484048830.46992925419533285976969
19081,1648598400,460711.2524755910434882226646205985,1561232903.375597248844833106358086,0,2448110.908405662058886877171247681,13220562,22141755903.09300705699922201775183
19080,1648512000,523473.0428810848241047758050586411,1784059090.621447902710557658308594,0,2901262.486038095664938334402921152,13178833,22150348051.80764217430507130026821
19079,1648425600,536807.8426489351507321670339332111,1800648570.565683665215818648947028,0,3428567.894272351930533775663403254,13130087,21727883295.33278686202236868040422
19078,1648339200,360694.4968334973266263416594784116,1152861799.473398200742374038014495,0,1899594.746580050212280191142973912,13072400,21567815853.1660991802167704784067
19077,1648252800,269597.9909102878197167416615586681,841793960.4518511857180067614536505,0,1318981.990708123676775054137935928,13034237,20635541370.04449744387288320039356
19076,1648166400,547349.7031008934136780253904791544,1713026947.336003982462562369110479,0,2429557.772366609773579377810865589,13001645,20422045816.92292003296116665713254
19075,1648080000,637043.0061099187258813514476860647,1951156591.587761076037652103740289,0,2709343.407793671341202821298016727,12958302,20485599701.20151664539648035645408
19074,1647993600,445171.2558779252516765524380202567,1323913098.390839266510485128943977,0,1976600.713426622549142792942723139,12913821,20176386702.30828873193339462788301
19073,1647907200,522824.4027056675095050608228861081,1565321589.091368888348795435072662,0,2269487.623062789192893123927948178,12874634,19853612343.54514822611759539313902
19072,1647820800,443661.1705249100059978967244927994,1285994435.575083519056181396301989,0,1930984.78755681423176784573260892,12833047,19368867822.76251249750766935855224
19071,1647734400,426573.5758977873856288771232071718,1232874590.500768945666635382692059,0,1972004.088793481894916087289359994,12795292,19200364424.19695869004388363199063
19070,1647648000,418664.5086647360135502440063349664,1236127741.172112174372353404956026,0,2281513.44403488834729436268898349,12753548,19721499691.08225598765206510143758
19069,1647561600,719980.7878614203056677504068278041,2052900739.442807950851464449138226,0,5741110.074432595969829939857607474,12708901,19653349215.89380819180907405931835
19068,1647475200,573245.7536941333661373047958740326,1602492054.586626459862338925267474,0,4815565.284375998574071820961892555,12649768,18859122732.44284788940795828556716
19067,1647388800,692560.0565340694290899114579792345,1863137687.354152173948012088571546,0,2382028.088330200599001216508711213,12598761,18588783296.48524412078211870942701
19066,1647302400,457938.0134369771048843802597637526,1180021735.205844175836044132495267,0,1500814.942072504804493187899330233,12561282,17724589800.34132667598472588859375
19065,1647216000,450929.4965202463893163618284165121,1155151570.172774996711622117391956,0,1415185.288808190687762644225323361,12524254,17522939839.65366041854947378253043
19064,1647129600,386954.1157758125999977999888253236,992132056.1553178626920947810759088,0,1188201.916919970135039932895108256,12489636,17069181701.70550506296576465060612
19063,1647043200,268358.3957893886066725519958690384,693594343.3742010032509149467799583,0,828318.1855687854554680436764709935,12456520,17415068476.02029162189105908596497
19062,1646956800,519133.6053636806495109717389871447,1342899968.343970298433232536529296,0,1636500.704365135568625479032372434,12426853,17376843854.59242425262938326260167
19061,1646870400,519062.9940971963855028406178752735,1356923846.973438456863543784776634,0,1684424.007005705405724343234557024,12390356,17645689477.42870528413511130759582
19060,1646784000,536471.3022989839229385582588375099,1453709635.20750516116141603949995,0,1817630.495841272691536372847315572,12354363,18297567833.80501628170510912437224
19059,1646697600,633402.6252356406849567210594241165,1622475026.821133238534760822495003,0,1831873.088196523539080248201054529,12316397,17401866272.60564160279003184972811
19058,1646611200,621233.757367851553987855805670117,1577833205.948247920351337299629869,0,1963241.447351427056995580936988822,12283449,254144111754.4462934519728980119344
19057,1646524800,393171.3126897842515036932330532007,1031135059.608781547055341986030795,0,1299663.838841643405358385761909509,12245201,4430772753.317940429918296188590332
19056,1646438400,319697.7034463043286983720060675136,844477811.086837966407913126590147,0,1019361.919918500865559277219951721,12215458,4561360770.416729170543188120494694
19055,1646352000,698897.5123056013658697200822931498,1885043135.1906282501515203994642,0,2065356.952291540137177884795757586,12186969,4497644421.025682471201352891392564
19054,1646265600,464466.292516756613856016611336758,1334804331.972397721478141551687004,0,1544370.713270785589956738825659715,12151879,4713759965.792378085219912302008832
19053,1646179200,686031.9316091922068239305831969164,2042032103.017040332708437549897501,0,2454973.531205050737307217228927746,12120593,4788840539.597413338682806869268254
19052,1646092800,685722.9506015229854499858525917202,2020326690.3771021029188921593381,0,2616265.235456243169255853060730412,12086073,4794542243.871454612132293382238745
19051,1646006400,743887.9246896426957711967806904231,2027416633.050200048440160529984425,0,2263048.230595374587057440864839892,12046827,4613951778.489527842019712364683333
19050,1645920000,711296.0388673085117520099919287182,1923751139.746150032529747824865319,0,2203341.259009671380063211302232981,12015252,4335648121.772269634259495409266105
19049,1645833600,438613.4720636011804645413516060059,1224681398.734248202628537726873708,0,1413905.158898083639409224548796621,11981046,4480969361.079814644526202001476859
19048,1645747200,810582.6564014447871510107908006989,2172996091.510084104085670732270889,0,2344714.592352979642522311226899381,11953007,4472049799.585898770015172882264939
19047,1645660800,1417505.395562791865133072098747035,3479721779.847115227698059831997321,0,4095685.989217879972536705710720181,11921005,4291297520.149568334606710651390528
19046,1645574400,552109.4609085710717851634789034892,1474401282.9433711610263916556934,0,1703868.24074478284987696718863371,11866626,4343266100.033065450447798077713028
19045,1645488000,669093.1754407922660373090608121882,1727351685.313895144833113968735849,0,2272624.129164348286645603942716011,11837177,4386260879.340780201741128001090599
19044,1645401600,861067.907689829877270362801024121,2293320550.597686396084241514308102,0,2798631.358806762425230678156376374,11803520,4319334564.480260854416044817759615
19043,1645315200,608389.8120086042637452144441711923,1614174519.31940080454154036722432,0,2169917.358238129775158117932677741,11771246,4388813934.399280966370092600441886
19042,1645228800,341350.1806774578718933700889080828,943974060.9993977810597450540858471,0,1463350.703632806598743999880620467,11733842,4594733387.047913809656146777990205
19041,1645142400,544023.7604897650917889897141807779,1548654367.736953379259606458332551,0,2131885.620437428739074549501600232,11703116,4713822187.808512727528245974311693
19040,1645056000,636616.064324068947576334596926624,1914462467.831003169830937717853979,0,2569653.274839937970255815864754054,11671045,4808426937.179502600409047705572415
19039,1644969600,486279.4715559562614697213236410077,1520020994.118313478863706811501351,0,2001918.719968342010669544163489078,11635412,4824811795.63110833543540551007808
19038,1644883200,507452.3260877615444096479067268625,1562626826.498485501029075631731757,0,2012852.247383713326574612918572016,11606075,4787412868.717989318366083837881219
19037,1644796800,428205.3973012915140154076008909903,1240667058.32593549255334223559743,0,1562619.821072188056784717883035892,11573331,4514004814.613878060466003567454772
19036,1644710400,319660.2188558280021705351781873234,927782385.3016723531603430713164444,0,1322657.288603711130021149000411089,11543098,4422841791.864502521975099555802171
19035,1644624000,472603.0653680444301986936837869495,1379593993.981616846326229272594048,0,1798172.863515469318892721613332109,11515071,4348768447.87149517617599806980895
19034,1644537600,723243.9405513942951179483135800806,2191045635.526221578510184104412476,0,2824891.315801801265074438994319743,11484904,4307510133.601362674522233196462735
19033,1644451200,673724.9708732389060613649401966865,2144225684.226777808572018407735092,0,2935972.11766680304438653710012349,11448795,4420247233.610511438250508241635358
19032,1644364800,449248.8995661606600260195833401087,1421373324.639730152402197311133191,0,2204138.886626364524547120456995226,11412806,4568733996.300579759718488895785509
19031,1644278400,500877.1458662823323031981299953952,1558741461.386748031881307035399298,0,2349547.126493939158694297423942361,11379019,4456414029.552844002449222934783555
19030,1644192000,506117.7379566548529796654201828909,1569933853.384897510382188877294194,0,2393460.467915003603914502878485075,11345602,4471107080.5172301788487588241365
19029,1644105600,373704.3355655357718973411640577114,1123909158.588543117429499789694577,0,1650491.128420024893347842991846028,11311242,4403965231.96191439783447796536612
19028,1644019200,489258.4839472789733349300704588875,1472550666.918352612034701544316347,0,1919730.32946795033597817445088715,11278949,4307950659.097321657632341653280166
19027,1643932800,574449.8168323236331920281663343708,1627956560.391600305934742138774793,0,2219363.185890820324479468276122916,11248263,4113944634.566337850281349329189731
19026,1643846400,551001.5170481861469050303734519392,1454658612.376179441307516414538968,0,1941258.425513966581954456437237532,11215039,3961975011.211440334790637008577388
19025,1643760000,574605.3313782648227195169238551605,1560942031.107003910605207908254152,0,2114756.72937759326883857768038044,11187701,3905912040.359658713648129265074312
19024,1643673600,600954.5899801323788692086655070324,1658342721.170688224399819994259453,0,2099869.237478179420784575733243851,11160601,3962877320.312026171867200515278808
19023,1643587200,563428.4472337672803841298864942244,1456883426.941748653794843460983694,0,1818060.522105688528413647142255266,11135708,3840023237.052655330986188221023977
19022,1643500800,426217.271708982741261548645840701,1105902496.78723277064942263659954,0,1469610.686858771221416344613459166,11108841,3755260905.354088815430845493426458
19021,1643414400,536744.3554615071646415365690191149,1376677071.142084324429495859276511,0,1615052.20552561886745297768358552,11084198,3767590822.789445804417697201581805
19020,1643328000,927048.3347398927125690519411466356,2267076734.576981215366112076429859,0,2293993.679302316850685449253556372,11057621,3676090895.507592989497212112127257
19019,1643241600,887239.7981052157182136038741234683,2145385912.653803171455907097567406,0,2642341.329554855040649287065180515,11029429,3475344391.174586853950649942130756
19018,1643155200,1073477.3946832157035315534589511,2722756160.113021597769168313917873,0,3341184.70265318617961923474926701,10995471,3429910952.392132734338736813883597
19017,1643068800,707225.2967829360402176920763548855,1716779539.898418837418254903073251,0,2428112.53712773703166414411680882,10957167,3453684317.560031527255086007602508
19016,1642982400,1434590.750614793609512300990362313,3345839125.604227216781417823988312,0,3949867.88161860332245816465217153,10920133,3354670627.172346703649951659290993
19015,1642896000,972374.5988946297623251926854349095,2384480971.83757174151568630655437,0,2456266.689641707291782688283130276,10874635,3428689995.024518157738527146005865
19014,1642809600,1243763.834596580089937117279996857,3056199732.626110344866794519925827,0,4498978.056307051981181831320145715,10841433,3314606574.043852395128549417558451
19013,1642723200,1642553.46241613520577822570568536,4540175969.734897754724452866761068,0,6363289.096973946187754593943972369,10788341,3458159455.629592808199640062785556
19012,1642636800,630452.1276526320580403353918615937,1982948082.974969387679699408896781,0,3247446.072331925416127984181338787,10733291,3952694588.466804436790852601482599
19011,1642550400,556753.3473483435212032185110586255,1734659355.137904346120014129001104,0,2821053.654135672196027887320393649,10690094,4014396678.047719624878530760850217
19010,1642464000,546221.1237472975029838397028657012,1720821353.961274153530311778538742,0,2868825.432026190709996723405025051,10653879,4072421634.270075088368432790676725
19009,1642377600,497130.0034804342800063555396117784,1616408026.349576498705733316326252,0,3051937.288219090928479368233481886,10619352,3922163426.00651989715546307572606
19008,1642291200,322934.2809572399628600382100207339,1075797258.282927661433273881401896,0,2269563.876351437460161762405886305,10582290,4028963602.058744654881708841970635
19007,1642204800,305934.9710704968150162324363116053,1017419001.506923312005656680017295,0,1822379.280090357092549863225352641,10554336,3977318602.564122678970566121257441
19006,1642118400,429662.8914406180671904660098021787,1404676979.905772393862509903449676,0,2544231.074685788197653089088488344,10527783,3939195865.959977870720630218212071
19005,1642032000,563484.7662885776166343429305256363,1872114014.980683465789030340158736,0,3234166.568357725974862521025531136,10500266,3861828539.245943643248943649611033
19004,1641945600,484939.5531068618749884651506776249,1605841600.349496227761361525618785,0,3650104.055907697801634253245389391,10466896,3936812725.344119665637800873304889
19003,1641859200,512833.2554046337080037015647284593,1618147186.535906430729993889538637,0,3507646.561344338653629812263483384,10428679,3978346454.866643869214740592883719
19002,1641772800,803050.5608310857901480392382365017,2454543324.153799677340122380753799,0,5192403.911361256954952925350579976,10390510,3801652450.652187361043207329030283
19001,1641686400,368293.2726071725238289688858156345,1153942414.74237173566232896171168,0,1934654.916649354516075247050215757,10339287,3829090933.248489306351897453419357
19000,1641600000,632938.5123367612916521235816597071,1974941042.065667505071994143244489,0,2890256.008277649503377231885204324,10315134,3775349676.504937453082460604161334
18999,1641513600,741340.1300155911647454148455843032,2382263038.645324685476850454957578,0,4182450.752446505378742470731233325,10281525,3777366389.396382251782105509990123
18998,1641427200,559029.2585505198434951365111625359,1912664666.832691960939446822200277,0,3709286.150093946452997663751628269,10241451,4003256996.174157417037569233948548
18997,1641340800,579562.3182033086304648516227291235,2132895794.005273175976903720600011,0,4140383.630023988686036757790000375,10202791,4046003289.58857242964137744069708
18996,1641254400,414188.3647842697085724477942409122,1575335765.935767301132654719637462,0,2805284.817671987229208686906350654,10162777,4247541500.422535391816232928590895
18995,1641168000,327964.4582760224572272014531061668,1241909020.040774158402262105763692,0,2619230.090402914445431581454801301,10129459,4234541485.885006951514711120085672
18994,1641081600,275214.8273413167913913565547437614,1039196096.374383003528544206124792,0,2110515.922948542073970739986136023,10091621,4259029952.3477498207859939739179
18993,1640995200,279441.1564828289318938865192704095,1041312925.912639423488349264907153,0,2058516.746480691023284063464980073,10055859,4160212360.83334388204841571964968
18992,1640908800,362151.5012340029376792015811057733,1352841299.499831736651690979230593,0,2684899.160386218162225886882587175,10022527,4068288413.176084024879947104159302
18991,1640822400,347516.020591091083237621434841651,1285208782.72258155422070605846421,0,2577160.941045615083909600906316515,9982504,4082440983.616714921781125087979062
18990,1640736000,391521.4184001800448190808395201273,1473645688.578531844174289675291777,0,3300969.335914269048689256488470436,9945275,4029123806.489575209273684474148727
18989,1640649600,567155.9613383632574968558106323445,2206627771.638275896190930604300455,0,3840104.600484639920725271018024541,9890762,4217886595.996185910744684189993872
18988,1640563200,281764.0654367503119611029147126665,1149372408.647411708267882201094348,0,2449910.047342462119699359236829454,9847212,4364181770.223087692880947992552407
18987,1640476800,298337.4082583781591178333240096855,1210475556.269569169600683343473273,0,2496900.626812798845646206743043767,9807049,4375935227.523830603583646438680793
18986,1640390400,363640.057954496789703959579716551,1479326047.900516322531521457762795,0,4954428.022213292528617196879140076,9759131,4370371767.53776886478460562148903
18985,1640304000,338644.3456139814468720249804588716,1384602670.721514392673799655015196,0,2703232.695500037589384246256974335,9674650,4310510716.692015785797021991085596
18984,1640217600,443180.8656742890746731555080283783,1772079133.739746661042220080409357,0,3477386.667902959027884739869901417,9629047,4372153516.441602763833944139992471
18983,1640131200,343778.2360426202104898211360326787,1378965422.895301556333795741800146,0,2482899.039762321701368648628909361,9591298,4296261588.991524244481308244714355
18982,1640044800,411489.8644071745286029587588136752,1644936910.914320905483487836281183,0,2617258.326351612460685734059037449,9558530,4290150008.533720962554153323204172
18981,1639958400,571587.559942827743523374180670345,2204446272.379195687685084325905925,0,3264972.546028871159788725212141127,9524006,4213794013.076186081927613692013669
18980,1639872000,435645.7531132076686433182040775775,1720074075.710418053132690196101448,0,2643622.092868610973081362694829103,9488101,4189070882.103934580161835595702684
18979,1639785600,494542.5048289918480203128904351769,1929503079.240963511188075112956103,0,2755568.234837924190129336688989668,9456363,4173790020.818651802446996302940442
18978,1639699200,705447.3954876832947728793551676311,2727655524.139702485903415913909133,0,3707942.958494361110683934401864149,9423938,4090347845.497695655693557403989924
18977,1639612800,507036.3258104063518066409023970297,2047812431.632809681670999492129994,0,3297076.87722917316312908641546276,9388036,4125436527.521464232488952957122324
18976,1639526400,868614.4479833481176385233014947267,3359599238.350468469992348509695752,0,4340602.581200153050538925136818529,9351878,4176276073.83859506764163252587942
18975,1639440000,554311.6916335910856573134685014358,2104642013.715907199399184418159219,0,2874533.677198411131727628347682696,9311651,4041079053.438686018652992584631621
18974,1639353600,676831.3035298294212658356646310717,2636179751.069885785131785400394466,0,3966427.935057248642618623518473705,9272533,4094137913.905481485020237482240935
18973,1639267200,359534.5992809713562613233171357287,1465916414.073130818567669154585694,0,2271243.927220820762793580592503767,9229268,4361755486.239485759057812545972536
18972,1639180800,574013.215753607657017718648908509,2296898777.060344076451058582877888,0,3857652.296018943077263333127922385,9193394,4307158330.371651368795168422614035
18971,1639094400,858112.1661138159826729620026825163,3495365692.205558742337764574085306,0,4949490.745131606423641528307571482,9147277,4160652799.567767654816667842421154
18970,1639008000,720253.2861035319451359866791396053,3067099251.284060493681931878618114,0,4468481.506206774337345755849443764,9102207,4256015314.567441511208998446623543
18969,1638921600,487124.5266696744781543779712619761,2119627432.752022841628574830379148,0,3506153.14070817443900205292095268,9056743,4430831154.22878729851335133453297
18968,1638835200,487061.2771444628364964318843592515,2117655931.288535689695396606340943,0,3539309.468114982002758618750163348,9016051,4340035224.388129316574274633400235
18967,1638748800,942831.4300380702715062530899292625,3875172836.268606481483457587707615,0,5553029.516154563603814501691963608,8970727,4342253761.316350164743912824765937
18966,1638662400,711206.9426542601386014391535832628,2949468751.565651192732295792766327,0,4314631.900665357842659709268555104,8918103,4169973191.590782377780320123615916
18965,1638576000,1209593.069904693604304819590440129,4813778044.103200655159278257104634,0,7791025.753425162088311971265813271,8874452,4193117374.974822138657158938142232
18964,1638489600,753820.6860503333761620785938679247,3297829959.708739053794088221262821,0,5104054.531632169368238830070404572,8818987,4275004966.645923055044476599851762
18963,1638403200,581114.6566912245698832381372980192,2635058887.650327434670377325491402,0,4527394.663479665649043362767799875,8770834,4336601079.741802379722045485837304
18962,1638316800,541827.0886615007703382406457904513,2536581538.222832024746288928585945,0,4767812.07628158639685033361841458,8725437,4331742853.595012338247247197899999
18961,1638230400,747075.4166570066008201111335282344,3403880067.924535586537783637413388,0,5209206.111713261355227248084755364,8684970,4298883111.356393227126625000237585
18960,1638144000,458204.9701144761814145584080663967,1998509349.133939583991602412278538,0,3737820.35539363245397109627652169,8639462,4298851444.855555307270041992946608
18959,1638057600,504183.5863551379039778737232587221,2064856124.709228813736645918466015,0,4108589.607392562200595372234315513,8595453,4126223717.16122944852436047488325
18958,1637971200,418115.6809444625628614866076794727,1720266530.880545517363244807143982,0,4496057.27119553286999122341275941,8546597,4079950894.291228235251787006879875
18957,1637884800,873013.2590953770757501162253312055,3633589528.080928813938494238975534,0,6048957.980012371222614420264406283,8489577,3950207313.625053992700718446765708
18956,1637798400,480686.806737128097841941765351735,2119292244.557552094161931617058338,0,4753738.096813359724705231287397887,8426319,4376764127.758102029366016915634857
18955,1637712000,529123.9264925695985316800750883168,2257599357.886606515165088803086793,0,4231618.747523181502626080026177807,8368988,4218180529.876056361358349888817867
18954,1637625600,537954.7289642150400667186330167635,2269169664.260982769868523583550647,0,3903391.868110571476813125315317296,8317962,4238672855.62056622041644195721623
18953,1637539200,617069.5500568444036457872795295822,2577115919.573682175072861184570045,0,4042611.028257646953923115859016813,8274245,4074437488.687322382116511115472315
18952,1637452800,364559.6649743009804804389868228145,1587762304.362027015471770995065251,0,3221697.275948757634620340165028065,8228380,4164246065.496851031807688895044601
18951,1637366400,357299.672654212327565070911124197,1541029298.364523241058403294433734,0,3284212.65538402977249170897464468,8182192,4246679817.951385220769126526244501
18950,1637280000,487970.2250125417814501518228774017,2022192860.336223443170084343056534,0,3301571.331041933646884276723171237,8133678,4138681589.957725389837930165649652
18949,1637193600,679023.4046787738306585652084121021,2805508416.858585043149208527071379,0,4146395.052025734321996153424633599,8088139,3871459676.400404904300505249088209
18948,1637107200,527050.7663930858957107327949990476,2207599373.319843242642952461312755,0,3321727.154102891810314743759610733,8039371,4064215748.604655210705495533661582
18947,1637020800,695704.3714029292249246581568259535,3004153138.936074903156753612607375,0,4716808.492201183198118260259108287,7996769,3894202902.605078450048236385425032
18946,1636934400,363003.7525475299720218342516090146,1690920447.042613965117829710722484,0,3734722.758783747182829808872493938,7951504,4061291780.76634758246761739368412
18945,1636848000,282387.9188217016847748428837642816,1297631617.244204192563188836949583,0,2168655.629626610054242556296035324,7909734,4097214589.782933174072362615624861
18944,1636761600,244700.356802119648498925600236727,1136818064.423594906730593241343813,0,2240214.811019555107456282617483662,7874844,4086231335.779261845586733306203892
18943,1636675200,464529.9926590773254144909903418165,2161727965.706404303490459652604371,0,3807024.647852585225129105798998955,7838294,4078501192.388717330902858512132654
18942,1636588800,398422.3313458196997569842793587401,1868944836.799808399189202251792592,0,3796446.666818825530711609498392632,7799595,4088390771.039356353258762604371558
18941,1636502400,670753.6315819349584706953141199108,3150260765.408616672593540567568541,0,6219522.120926413190593266686178559,7757899,4010961069.955054482308933177654069
18940,1636416000,365611.6777540270006174245016900113,1749877746.925757401610267484828035,0,5203706.365676251789506668740152341,7704209,4040147770.834793674809368438266291
18939,1636329600,353522.6968311946172038369855006979,1672402780.529270240865169204910312,0,3278545.321213053939236615596228994,7646285,4064323912.902701427788051013736158
18938,1636243200,237453.7443847244414428303404081468,1088532554.697220109714817451039432,0,2591718.088117689263501538852174952,7602916,3939288593.769206889617834720339533
18937,1636156800,264612.2034138864795533847908646478,1176935133.318189885437200053738269,0,2620349.788756518618157231322338914,7559550,3815999117.375168860798939327761131
18936,1636070400,256547.9922403107632758268962953696,1155186843.745040682413085822777447,0,2556216.078707521550500963838482705,7519170,3742642952.497929843312313365036074
18935,1635984000,343302.8145474121219453196031995673,1553661563.921681420951725365525321,0,3500019.005086474587409254907610128,7479393,3743089535.385215915703317256820105
18934,1635897600,377925.1266995604989542528382180959,1729024423.391854357998863200574838,0,3633288.490640229236633241625766904,7434100,3841438101.605000348945553882921593
18933,1635811200,371644.9770925429547338331077022753,1651353582.562827870731010652143622,0,3408324.549165818206246006541034292,7388447,3809415121.664828646829670442811836
18932,1635724800,309965.3690976492696889618274007164,1333385119.184617241119291177245409,0,2498930.304286607312404188412122353,7345052,3654954035.483946510969317413534373
18931,1635638400,297978.326340975235612482951539607,1278068908.354761453862615658058053,0,2613194.930761467210972298108776582,7307877,3623348782.349269521965988565255205
18930,1635552000,279256.3323413927410638653679961595,1206455863.46615501626759732061173,0,2634934.284383399065465259154722411,7265535,3613486215.0239901735200127716661
18929,1635465600,380467.3199293192127891326966943687,1659133551.5508071006825196462875,0,3102235.600593184750821643093035341,7226710,3618222333.786843017978390155905804
18928,1635379200,543302.8207382468059556315167863466,2247458561.86611403860052868216326,0,4626848.230555436162351997063912714,7190486,3557183989.491285515774348944789694
18927,1635292800,614000.3833942545728799304229004269,2501445810.871915360652014228224651,0,5139312.143164852412640748082726627,7149490,3416568103.492177554011802369832017
18926,1635206400,425310.5257561195158348047312105054,1785302660.836400914667025706624609,0,3353723.412844150877070133222821321,7106207,3467016574.827309327963411105289847
18925,1635120000,291836.3969807875534610582455980712,1213817513.282023604649983999386553,0,2194318.182954051513357121773306474,7066769,3543817379.412662210377406426980559
18924,1635033600,297664.0812697281546423668594729982,1209079558.075990527879486618094609,0,2395163.799611901598576624874457298,7029714,3443447735.22602127272050991782306
18923,1634947200,319086.0847254066485529637235050884,1292078559.613555243077091007198999,0,2248941.440125166736225023572075447,6992734,3458293772.409474039275099812678119
18922,1634860800,424351.8601334074599307133331334922,1718241726.279111817134214401042695,0,2920817.914768722033940355855961048,6956650,3368506493.566099546373810023148359
18921,1634774400,624985.5535285783072192386908267939,2607839791.245731587878173437159857,0,4127239.987512213653463171396275343,6919844,3429478998.125667867145799768357069
18920,1634688000,410561.7263681762795475238677354071,1642662941.241914139570358477162018,0,3000809.875132495259197302194670335,6877239,3458279883.556351606140962460126589
18919,1634601600,386168.7537280750298436626374218995,1470894732.329549990769824808890522,0,2369690.782342332937332671649705988,6834524,3288743770.67169052709219374124402
18918,1634515200,367285.6340238298444646951678212259,1391542227.8557495298782320767601,0,2517346.700539476228931328335765169,6796073,3186024301.878002986686394157808545
18917,1634428800,311503.3376658869838595388554766234,1188092243.499597250197688135987289,0,2359507.667809501918897130209085999,6759647,3213752192.513356721419126799170276
18916,1634342400,347380.7453680419838659851320498744,1348592165.628679486670756494483998,0,2305561.44394329540585496732060101,6723731,3134902918.555211673551676451890194
18915,1634256000,495169.3304312879187302566586667963,1887808809.965753199771438996799641,0,3647114.64805157439803221745105851,6688863,3130322112.758637169199374962196941
18914,1634169600,361717.1865048764922229562559479599,1345938762.686595218271337953983336,0,2559253.457106191696620867229043458,6648710,3034520062.325809612878182641355525
18913,1634083200,371330.2346710547302722746362379237,1297703607.156375280724029901817102,0,2436698.686260953902259573608592656,6614307,2968865605.598989129608118267112191
18912,1633996800,428519.3834954818001662291175151796,1492403552.174978079710130790201483,0,2712552.955615917555031512742837989,6576802,2912913830.473298313634328966588934
18911,1633910400,419304.2107547196288377959127289678,1481091965.202900363041011318621029,0,3247160.768179770103570749507398321,6535403,2933244450.823792603549757858653657
18910,1633824000,316514.9182271130366368584756906853,1117405381.164877654083963418262339,0,2275524.011813583512217034871965077,6493205,2889276795.441876660401259917403306
18909,1633737600,206391.4221606707462023760634715237,740609774.4418820602378147498360407,0,2111954.951418565386931829998193219,6458161,2959327240.268587488355661544098644
18908,1633651200,306667.901738819328364306772732547,1105890644.533961213738867076394831,0,2797325.527835018880423515152442472,6424046,2952821936.347609909917192032828432
18907,1633564800,374571.8924231415712603646019393963,1338465952.03715844312944236223917,0,3474512.740943765406193240943047295,6391951,2905252119.717250744804866782459114
18906,1633478400,426547.3004695112901340029460377345,1497752701.094944536193922760323776,0,2824872.089395504721594780555104756,6354374,2901912638.039834577268699742471484
18905,1633392000,298551.3241289062055501357731621586,1026660030.954908083790603029713334,0,2412471.538772978754818468532379118,6320275,2871230944.310563083250506507680062
18904,1633305600,362204.5114824494615524318870382302,1218958320.433167510662136089979838,0,2442115.518177710115039378392124807,6286949,2791932341.902348658944718384378857
18903,1633219200,279525.2153502781115427677300574496,955672124.8287847547506782202898418,0,1863413.825456988397017158991534551,6254001,2813218612.885318075376325161462994
18902,1633132800,282340.8705590794578903287133137559,946526520.2105148563877434264772613,0,1889407.137466005049890428400786143,6219001,2800389402.07205434862396825555529
18901,1633046400,418583.1735662524862866751638078867,1325668411.307641649094011107622185,0,2223443.541123405124731033588018522,6184687,2763329698.663362759287625044684484
18900,1632960000,400903.9376947828503236882090053176,1195995155.641895959715356735731303,0,1877843.372674607370526311726088547,6149255,2607891111.378117330657040702786575
18899,1632873600,339351.3078201739213969582192534716,974421942.2531953852314123193593539,0,1772892.313090033773986275306148366,6118937,2525604398.285181994518342512108715
18898,1632787200,400640.1517683552029042287517357489,1157990175.52628565392102348549476,0,2159252.403793191247330831949612778,6086731,2490888814.307928486521012964927502
18897,1632700800,398460.8770920882702603155755022819,1222740739.352815929331850142775582,0,2142930.168355756437185834607866421,6055894,2569522399.198025314218380322627158
18896,1632614400,523487.1794254212784924644753613913,1538097281.765900036620733460396004,0,2787627.193824442673717158062897612,6024032,2606528903.157629523958469925046595
18895,1632528000,388386.7182242818055085979267811722,1129382608.582172671336620231358285,0,1787844.548094975286119916823612809,5987676,2544375529.655348081130964794479019
18894,1632441600,522971.0219870741313811408176454447,1530095942.369395271972104100052661,0,2777092.20157516778491852247120598,5953081,2517142497.713571576575359985155394
18893,1632355200,341828.0959434400118374006939170807,1063136041.16742260688059571993968,0,1844185.802470804196769219108546921,5913989,2612192246.536259300243425251702105
18892,1632268800,477726.3835002494990590754358831752,1401511425.777317707910330411236663,0,2302896.88442097285114932371472592,5878478,2551069118.703469918757184130859537
18891,1632182400,724129.290468289698498288247729739,2110685675.909720770627150455079582,0,3595705.8193835245149534172927145,5839009,2344627238.454454121969857701707508
18890,1632096000,715558.4794971581783813860311961982,2215707639.306061980164094809919175,0,3962873.727950058901475673192271835,5798745,2435259908.499918434072078290668729
18889,1632009600,229484.3312538685959131730721606379,773027835.6371345247946917597038073,0,1469657.400454139622001024085782835,5752707,2658472513.01435326449050191578519
18888,1631923200,217947.102766098188769086271925077,753440297.2665044401794865927994608,0,1515025.672122028445133601316077936,5719684,2643350218.444722721165299508978097
18887,1631836800,305384.9315681828158691840502136577,1061441186.431882881989895469454455,0,2234401.810331900266247836443206302,5685102,2614211715.973889117270658189660516
18886,1631750400,344420.8377611611776525877925325382,1238048641.782259278827659649103753,0,2766395.957215987266028224723226553,5650182,2632677435.06612411767911116754672
18885,1631664000,257775.4926079844509033990723571524,895084108.1292339759746530220087274,0,2095776.839375532619535859197381063,5609988,2621584157.552641653947808379492574
18884,1631577600,257774.0352811822694590238294924271,861101954.7234758039096397324581802,0,1808744.789044275854579423146789648,5575523,2539255788.114048114075122397318592
18883,1631491200,396105.6913984462699256560273054432,1287125512.641291888265733895618371,0,2462535.412603813176705248985295915,5540557,2448874843.806232794384243888519603
18882,1631404800,261628.7763012450008761777870345961,882429682.0316439867054545736177938,0,1728348.534629188207324613981365515,5502388,2510604947.600170782479348544038264
18881,1631318400,292406.8963949076864496386425536513,958291591.021639910620905115073201,0,1935719.722459941938847777688292929,5469658,2451439539.975980271011542102306581
18880,1631232000,432416.462286756170062127059739307,1438115325.614045065225162036658694,0,3067228.821189765351109162377825008,5432154,2416226395.892280401093223339852231
18879,1631145600,395275.8676777757715104325175101816,1377980968.925689627220471886509999,0,3141472.641798376473848649679924738,5392255,2536719439.317755702974187492435417
18878,1631059200,611398.9870460463724555949649004147,2091653235.921318606969414377869822,0,4757959.690483976710985606018864875,5357624,2519192649.739325817868584235787903
18877,1630972800,702046.5178679935905946070587004668,2523769310.307767746605326624968379,0,5714948.53265975565214580020380169,5315223,2493704800.665514054435804060681047
18876,1630886400,315638.6386098151274740167258148042,1240586106.424950319457236257973493,0,3630218.523620456121578541779746669,5272641,2944095555.413996454859160880950074
18875,1630800000,294549.3112226363945244071265967679,1152404343.299417749722832799095144,0,3249021.103592431326545257150673604,5235472,2972714168.280165374178754891771467
18874,1630713600,301718.7100475872483407201901615055,1177458837.67858025721691805093459,0,3486153.910185052683708196962240985,5199400,2936862501.019205318552401549152125
18873,1630627200,420159.668698034225500697480875325,1632626566.191969280125670936442527,0,5116023.48751042720751778291932883,5165529,2918565517.783721852527604336877694
18872,1630540800,376364.507526852914038115293433498,1420976943.829024719717959319518199,0,2985827.424657409496694272832479316,5125685,2917530444.279501606788064894507185
18871,1630454400,491674.5084410631897988198544834873,1760454205.284133717666743178715371,0,2934232.275369647854966451443571795,5090163,2968184420.329632641408489499208677
18870,1630368000,488670.4036653130551883178253132036,1638326253.656685107974193368041895,0,2914120.313660882481851716453492064,5057851,2992527456.235712514285673006759607
18869,1630281600,396403.4355583321882653076750557369,1280117228.950115227106630032147356,0,2345942.60519774438135266033017875,5024437,2896346734.665989890903302863455766
18868,1630195200,305403.9284556168310834586518173074,980680095.3035457032950509627891745,0,1881880.311675493632573018063863264,4991020,2920316202.697274505769684582775164
18867,1630108800,181563.4931155576276999768552279729,589170827.3542010084264881702343929,0,1134598.528515952183967022312426972,4957107,2882863317.426915513307779038841145
18866,1630022400,328774.9842519165885951128924730599,1040992896.615121289855963493155972,0,1735350.633457106104083256660603213,4929053,2891912282.201239428636151397641708
18865,1629936000,388412.7980710764478089134871014051,1214691778.744844407684634139588061,0,2135326.933829958000864199024049649,4900207,2785762972.931844099992294098397055
18864,1629849600,396827.1650550713806623445920072816,1261043362.960433733389252179437732,0,2414079.27733166381660646739685682,4863967,2903593227.683632672496328809051727
18863,1629763200,455920.9444492512919407127539285876,1487850232.891856990884348768918824,0,2455974.983287688133106872664778237,4823442,2845914713.900379922783561373784595
18862,1629676800,374238.0145141040350110051592543779,1243729911.940942385503588999058018,0,2314485.886813076837192969718034022,4783309,2921482699.05757568131165770801848
18861,1629590400,316810.6217556289788743777635120884,1016103571.813217240123770460502899,0,2638192.354575955637116479186845641,4738819,2885788143.840259820442852600681076
18860,1629504000,274058.7332747886685056550404139003,895169750.8810850645196041487918172,0,1626437.311521599606316104591447873,4688711,2834790033.649683903422127595845799
18859,1629417600,370224.5862589178993902467034652494,1199528398.899775521839064339516574,0,2047581.996384466358970819299592579,4644944,2800909989.624516762271769120625462
18858,1629331200,417530.7886729517247567297105539858,1269223156.985786549161323796732915,0,2169526.694474620914844905525380527,4597700,2639723072.324648330183171054481624
18857,1629244800,541066.993153366114103975450076768,1645149260.997896165196895582583683,0,2956640.563897571531699270602196423,4550782,2504878084.901261002188553757976812
18856,1629158400,607325.0975043956233600668724699463,1902576658.267022954297219138641923,0,3056121.834540592073384041505753113,4499378,2483283250.813795560343228605061109
18855,1629072000,395048.6599595714587208462099691266,1279179213.047249583522577026623013,0,2151420.69846976680003382737093148,4452584,2537327846.451189012128687237173228
18854,1628985600,335141.1430557891791604692678866068,1072489835.282876655766500872477409,0,1854497.026575074371656479081397072,4413389,2601822137.499999440699627697667634
18853,1628899200,245447.0749422922645404706584927742,801451005.1675251669074142579664553,0,1607098.488255433931176181295904258,4377834,2566870281.813042667846219632138304
18852,1628812800,331404.0821242091969146662748979112,1059076704.129065582276110446977008,0,1887500.790368521110642075996771874,4339511,2453012046.274338640756298589922375
18851,1628726400,475342.3829947767810684585373126204,1469815976.70284231241329335443893,0,2496447.487676405879357607026824169,4302504,2332683229.397194019773406793464353
18850,1628640000,373722.1009829005555970124487131335,1198606100.887490450099444312200805,0,2241105.505653445902146561267623299,4261370,2365094775.996061227249249598586696
18849,1628553600,451251.3298192501692048043652773218,1416214344.428885751814644230191917,0,2351020.200189500769262998268411723,4219973,2321948342.669566862933770748611626
18848,1628467200,702088.6558881206920567355929594067,2153316158.406231242479979475614189,0,3623955.93204461037810312589573397,4180260,2322327257.925914373021086028584096
18847,1628380800,501211.8506965416651247685665707417,1540454447.547314051136816761145374,0,2531215.792965628260689921697556497,4132770,2368448289.893080688751355732745195
18846,1628294400,591933.4883025029323187535163303154,1799607570.370152635694487179533354,0,3168748.205585386740339354049731753,4086126,2396832402.757417901583350633143854
18845,1628208000,479940.1357402828587291505399930336,1352187905.335184411932533701417576,0,2208947.575018471495537333024771935,4037155,2285512924.046702995313994448872879
18844,1628121600,617099.9265640477370573125485589063,1672804767.740326232792024985948402,0,2707160.493366323170473285831070138,3992764,2167029571.405884907218540443744698
18843,1628035200,583408.1431664467663585127661872258,1522565099.918623355972310924876707,0,2334079.626657239537719186293021919,3948227,2161609360.24905796023821917252396
18842,1627948800,533965.3700921511400591709398230787,1339617281.433678223407919201963944,0,2090683.982671042024606406915693784,3900120,2047221188.54691993469220443694952
18841,1627862400,417927.4417672734060535896084055879,1084713586.747025600976027772136973,0,1782533.275500762698968052284122022,3854630,2089837086.819652804555125268723345
18840,1627776000,407804.5078271514248856419290367528,1060017269.59884910334589148901,0,1832437.991877773721823477522398111,3809575,1963474508.745944363979586763354334
18839,1627689600,298832.0322833377787316831059432276,737560577.5320761572718932576027278,0,1323083.127675171390894653604729569,3758185,1988772254.62272296927358722744768
18838,1627603200,445457.5032180173821630341426093354,1064389728.092196957668964140574324,0,1791243.549464928031723604939686414,3710631,1984159089.396144935395082152955162
18837,1627516800,335898.9852852796717046838982497608,777612090.7470958478501238033742414,0,1489241.51570051178810669670780743,3662382,1944165400.825279949477904918909655
18836,1627430400,533586.6822490624968602112323090603,1226191983.063871881793015427144997,0,1999398.660144740894928891938068097,3613458,1897291447.247549897778094728394812
18835,1627344000,570251.7773486174469538047153433871,1276923887.503029471824526838712898,0,1920965.34852899281342533197494391,3566661,1854889319.557642970301129852479541
18834,1627257600,846129.5762776510847065182002797179,1953222068.98336095248361329040587,0,3084009.453943580620079203253864923,3519398,1817246997.109542302683283202021587
18833,1627171200,289036.9175418320222995297589124154,623545004.662714058560532477576042,0,994159.6329138105338547079271855656,3458826,1772074306.81363817753035015126302
18832,1627084800,332128.2351738340273786785934291981,715038866.3852050254372037653638282,0,1260441.447363980262558701858986402,3414508,1763845106.915799432266470046037769
18831,1626998400,364016.1906252850263643621070727171,747662479.5422829893773252542971424,0,1307863.724844787602828810542319877,3363555,1805191986.30611358463524977858776
18830,1626912000,458315.1265950278310650846509379649,915603973.5899873017481597614544783,0,1450374.758158413069398735525924403,3313902,1732731443.058675923557338046720404
18829,1626825600,585863.7719152314645165486234320413,1127174816.290316300707356369352256,0,1857692.296324841173754020301125981,3269570,1687535976.951018984148746857435301
18828,1626739200,479204.4481181308114533066286712039,845536136.21977563657472315294943,0,1479642.733381921855174932151256093,3218873,1564039792.949434126438057466347763
18827,1626652800,343320.3702663389222410919670519959,635029274.5382220760037695251841166,0,1156059.512172251443215679269289462,3165434,1595901219.466446950340850828732798
18826,1626566400,336584.800358934023826257811206486,652400447.592241158248121666049935,0,1389738.013624045246245422217446089,3117404,1643137264.377763604328733100267654
18825,1626480000,338045.8150503470943549085234079387,636921813.7667850811743256797718732,0,1385031.775506164986407109718384653,3064945,1638608331.22247747360986822768827
18824,1626393600,385572.5150343186641573486073371448,734441035.5532194282656842769507417,0,1559541.496178786600899430361501675,3011540,1615480003.932892532039967122163934
18823,1626307200,499747.7617238581088066701250141345,969232631.2013742570219482237069905,0,1952152.442953882793949310634788653,2958995,1600395955.292987395874511216701417
18822,1626220800,508623.0990821005291967305386222339,987428048.1491190387140028536975279,0,2316401.221292112942034956758372574,2899302,1629480672.758650946593557391501868
18821,1626134400,443960.6136169986011347844142194624,881274866.0090592659763218479274782,0,1919238.237916913020142120937361529,2834618,1629049533.830132412039991154970844
18820,1626048000,298076.3014762504838172164334524029,622820858.8745153664246767618330199,0,1152694.854904073394630732162655144,2771458,1665942501.735089909784008623473456
18819,1625961600,210466.3518949378994501961746827617,447451391.2972790647997705035055468,0,945313.4066218460120716999696127476,2727787,1708502619.759652695743315047545972
18818,1625875200,357406.98900127918971670355350986,759047181.188029314359373749647092,0,1450347.32904035759442859879991033,2677644,1691500559.85751410973681358033077
18817,1625788800,376139.9758215531260661870878650351,798924664.3725307807516098396847616,0,1358956.359808972227449710391881555,2627194,1698857423.443438422022716795753217
18816,1625702400,442787.7222046145641596825018126639,968820031.0728900576481703114591688,0,1721688.791465808402477186175872843,2580618,1672613687.845761234097658130470388
18815,1625616000,324991.9488956222417343550143811452,766487322.3844619353370844967016416,0,1423231.870521084632441501191820793,2536063,1747250187.029351920450972550297913
18814,1625529600,464134.6529325941126952762554249036,1063693253.394136575805221871457952,0,2056013.26082190387564267673637732,2493768,1767505630.051596109405872089210315
18813,1625443200,379171.7630097340445213509260366618,849551649.651407217386961742380877,0,1546738.940951463182209869988692441,2449311,1710014357.319375886905318871953551
18812,1625356800,304547.9163265921616094782705460426,703515349.3279131655208261654379559,0,1428005.491784682005134235027723597,2396225,1761037779.627931327950802330431483
18811,1625270400,279216.1638963047416192916485132574,612187862.1637813537348848647493887,0,1134706.704879848058380453172254769,2333913,1728196359.335756556609983110960706
18810,1625184000,331976.4380125693041014404888005057,690560819.9981802624110682251000689,0,1185345.558004097190721644948239019,2281932,1706779908.292130474598538091540725
18809,1625097600,430622.3639038375064124756893728365,924741998.9719634528912706734640174,0,1495697.544215594329219536156939559,2233872,1666932708.930375247321346767655826
18808,1625011200,465916.3682322626886426343709762398,1010505942.155505201863690648095912,0,1798757.897925839783636243431808425,2188523,1708111357.259484929559361901660699
18807,1624924800,421061.6908858601010435236902756163,913362896.0277951772829068593814091,0,1661557.984430745408439192256087396,2141799,1674296047.53359658085740976648806
18806,1624838400,513371.1768856096117933262068031495,1054153704.167335666605253423592606,0,1972742.321649743605050937278178246,2091691,1594745358.178898586161084862897471
18805,1624752000,442690.4745621723720057781811953504,823527056.6783988367423207019879883,0,1569500.448251228851634609483380205,2039894,1554608023.942605521577712062026051
18804,1624665600,486802.54843803117050419625438342,865726815.6055807653313763388936081,0,1580040.875193897448949036500318022,1992339,1446109834.992071422746776588680407
18803,1624579200,490635.8050408860101989621400795761,922375556.0349400907795077337841242,0,1872986.691377380701485688185883623,1942105,1471766843.591231789605413592787264
18802,1624492800,389612.8812116591711602297641122042,763487843.4614282322324523567125195,0,1378092.725717038494108320932509077,1892620,1538356671.157259871130691464355331
18801,1624406400,475784.2756852681133175726589985138,940093150.3373804206467295070978826,0,1874710.1309746658855356757307155,1848796,1574087895.786320239117908162844868
18800,1624320000,728602.5719421685164301311852491403,1357065680.457716023500633941933422,0,2938818.624844587545559317795274554,1800628,1495147229.372423104280176762738574
18799,1624233600,820627.2608049747479357672844473471,1643525845.111597293615951798144749,0,3405595.273358003149053155976934217,1747436,1484200602.580446820036609255723901
18798,1624147200,406718.2908016764462850645934107642,877740149.3487825959194076794286616,0,1745798.183755070523454923076178776,1692637,1721514399.991508657433250692256366
18797,1624060800,293439.6274503996288198775659764008,652931012.7929739612978630043703676,0,1260644.222067548261374847958891556,1647104,1677689544.010448677096851471054643
18796,1623974400,397734.9475423073703253076662186682,896280914.4742075096178848676003288,0,1734451.308418815005002509449153087,1606659,1695560490.214724974876389068546788
18795,1623888000,299185.918110307689528928037428362,713235923.9448756774551999869783013,0,1416031.598436016497290623102316799,1559674,1744966736.301018949319433906902751
18794,1623801600,309008.5490927046092060618945180077,758842386.5197484640717833045330314,0,1648386.531848397642823381773221432,1514123,1750226668.508246938105038883998066
18793,1623715200,317059.0627360981076293702556199319,817964952.9804673844828870868017623,0,1750056.18895714901421458836865466,1465675,1825445049.447071377340143716441506
18792,1623628800,325258.6875456236462916403091891814,823253440.360617251807682570849019,0,1769339.237226087306008181743909473,1418130,1823108544.347105752209465887652392
18791,1623542400,335263.1912747749377453105410151155,809576745.8563163980441148006508183,0,1773489.099960360420339644981306504,1375008,1796127198.580225485597679058418583
18790,1623456000,333487.6899298325934050101499281714,783476587.600851692635565846364215,0,1732096.723373698063736768540729023,1333627,1670697139.029884563009773907817752
18789,1623369600,349544.2682078219088154020328632214,846571768.2678060236059918312495313,0,2108189.357873759796742507634611358,1287991,1704982799.307389427373893788632227
18788,1623283200,348347.5022082308378509899996165452,879616104.5110492083637899712100701,0,2192716.488646191748773951229666465,1241818,1787650380.667006125328427532021072
18787,1623196800,484872.7517424640140460776952117454,1222463482.541457236179850623854212,0,3027442.986086904734210459340006725,1197779,1825880807.289188043002050240062656
18786,1623110400,544304.7826048099426364616833207503,1348066135.242692471085975564721687,0,3345510.257962422438920369263465791,1155710,1760032043.715365921488606548625865
18785,1623024000,322857.8542555889063216955800416105,879634336.47018526316746080237431,0,2198514.073056008059502488495566706,1107095,1720995908.047281237266110634932238
18784,1622937600,177657.4533475891560588595651176304,478092901.4179028988981100273541103,0,1265770.461449619364521621577572434,1066549,1872774246.300929404460312650688167
18783,1622851200,298444.4406475173423217821962841729,798005345.9767245823434680362349639,0,2096632.441060183909339698310088161,1035284,1819259746.713085444399046155433624
18782,1622764800,419517.638674744991819444319461065,1122238132.993615055327523743502464,0,3121179.111917642775942993984974541,1000629,1861892178.577044590874033243244837
18781,1622678400,309096.244757219043761215081268409,866172290.4273290117534210804741581,0,2101881.191391781609477449374326242,963689,1923061757.628842065070964659023608
18780,1622592000,278457.6277314599896529911505622751,749073133.2484514637287470137793658,0,1964883.212624707855278531178045007,927412,1842842475.370060266763435428090592
18779,1622505600,360677.9971382911761378303807404699,943454995.8474419509015058734829412,0,2444767.866056813301455357746056371,895170,1807516967.001795522030221565158362
18778,1622419200,434615.772876439843560628146702783,1086628151.448513695872446312431973,0,2875612.738757446322969444767009377,865774,1809197597.734490834496409997265101
18777,1622332800,495041.4188008022284168158794819105,1164099707.918967877644954313687204,0,2990706.371548179021717627905069704,834349,1637808296.132797764298627533692134
18776,1622246400,568559.9269482016780470435983085404,1349284812.167744440842343029809982,0,3709488.611787864657802581944946122,804076,1545421594.342913758487534751470392
18775,1622160000,565797.2409490681203628600926105636,1425241765.05336932653482219387678,0,3807300.532516250508927969266075532,774011,1563896255.852865650981275575178784
18774,1622073600,424610.8664522322848127331574238748,1172721265.878060738216024722686347,0,3061528.349400200442964666516177571,741885,1587657885.757981296365128209551874
18773,1621987200,525536.0247209042046946358862036322,1462069089.620289067404243510690972,0,4195719.666641836587195585994793608,709199,1606677749.67405397590516779352838
18772,1621900800,599450.9635406099498668389322026132,1545955864.84971587826756208360308,0,4219853.691834494586303123885136661,671494,1465561332.187755407980552429960709
18771,1621814400,706740.4422803030947361926821598327,1693797125.138548621055985372522621,0,4618386.13065457239576209749657865,636429,1282841678.111186931231953488966334
18770,1621728000,940157.9614832052184189617294670272,1897141145.441336831699691288804272,0,5142799.828437502398877849633216853,601909,950813175.29575069588531160084049
18769,1621641600,518356.2432288112416445663972925477,1213856356.890183195847640375573184,0,3235374.937036816215847619796464367,569415,1004276310.327370739142236036557409
18768,1621555200,638168.1157689896855741808097834318,1597275168.21500882846522891911463,0,4585562.356188172828433544283748057,540725,989895502.1901211281446775997512806
18767,1621468800,659801.0249316794780973473487454901,1762314761.101055507927578500215637,0,5073564.701839484105789742898645827,510320,1087109781.244185869260362241584893
18766,1621382400,953940.6530830078134386526364145894,2620631938.828709997878876976452438,0,7152404.950824860823294529938301265,478399,889946495.1808994474459185785117775
18765,1621296000,354475.7867341097789861905144265177,1208124293.662246530106080284992562,0,3198768.623829146470742895999253663,444724,1119338013.995550201533745036956883
18764,1621209600,427656.1409670169227573046847541617,1435847105.600000806172275799658695,0,4107956.857688956429460823554841035,413310,1024307976.777543458734156128556351
18763,1621123200,318028.2981113312301461280811403633,1142729897.745995081255188264011002,0,3644630.043764301450037856462309718,380905,996794267.5442643283797326663705874
18762,1621036800,216472.2610140314093067517342112789,834932523.0214449530482783059911849,0,2789161.664042543365196165143584861,348644,979236106.142920511505296984502253
18761,1620950400,205915.1331814676530992585762055133,820163744.3798683080224424313966848,0,2616856.632555444424338959645646043,319332,991720117.4902359699841123545392241
18760,1620864000,404793.6391390784019511057874661712,1535201935.176621961302233854765771,0,4912513.417053592431397196621397168,292916,934242799.6768714460126289461051891
18759,1620777600,286572.5284592199863913536855661085,1185948395.17348507040827346169736,0,4351016.811893894740627738973767915,262441,816232284.1905186827003338452172349
18758,1620691200,159035.2949921242033457979375628238,628815232.574035732715805849685326,0,2393414.614548940379422216465863747,233636,741137534.2628867857447428948383976
18757,1620604800,195595.889473851453916659543655844,788345423.204635007198444829644841,0,3004460.173054299375318264504056345,203899,575723934.5448282719993192182000936
18756,1620518400,119510.2644827101527691822851437953,464396482.5397502458825890709570923,0,1870221.117281169807544918714659188,167008,616952743.7559991805562736329347094
18755,1620432000,166211.9431647117508568984276462349,611251973.1162351968001843931643426,0,2895458.269986012605882409050021867,121888,565496000.3094105849754249010640287
18754,1620345600,100982.8851726030231226208308377232,351587666.8545552239530810497216145,0,1082469.488636152721088084152979118,66006,501602157.9472991320975753649259011
18753,1620259200,60092.91239253449482167147977507908,209792599.3253492988125528621961144,0,640440.860829201016741935573565007,30385,370737139.9413625345424431293663287
18752,1620172800,4881.075212532278256285067694164824,16937182.15483943561610092783061984,0,58451.08847582384028074319246363399,4678,137393087.8391719539564165911351197
18751,1620086400,0,0,0,0,54,0
